Date (MM/DD/YYYY),Destination Airport,Departure delay (Minutes)
01/01/2017,ATL,-20.0
01/01/2017,DTW,-5.0
01/01/2017,MSP,-7.0
01/01/2017,SLC,-7.0
01/01/2018,ATL,293.0
01/01/2018,DTW,-5.0
01/01/2018,MSP,-6.0
01/01/2018,SLC,174.0
01/01/2019,ATL,-9.0
01/01/2019,DTW,-15.0
01/01/2019,MSP,-15.0
01/01/2019,SLC,-4.0
01/02/2017,ATL,119.0
01/02/2017,DTW,4.0
01/02/2017,MSP,42.0
01/02/2017,SLC,-2.0
01/02/2018,ATL,31.0
01/02/2018,DTW,27.0
01/02/2018,MSP,19.0
01/02/2018,SLC,-2.0
01/02/2019,ATL,151.0
01/02/2019,DTW,-1.0
01/02/2019,MSP,-5.0
01/02/2019,SLC,-8.0
01/03/2017,ATL,99.0
01/03/2017,DTW,-10.0
01/03/2017,MSP,4.0
01/03/2017,SLC,-9.0
01/03/2018,ATL,38.0
01/03/2018,DTW,-1.0
01/03/2018,MSP,-12.0
01/03/2018,SLC,0.0
01/03/2019,ATL,-27.0
01/03/2019,DTW,-4.0
01/03/2019,MSP,-8.0
01/03/2019,SLC,-6.0
01/04/2017,ATL,99.0
01/04/2017,DTW,63.0
01/04/2017,MSP,-12.0
01/04/2017,SLC,0.0
01/04/2018,ATL,-12.0
01/04/2018,DTW,13.0
01/04/2018,MSP,1.0
01/04/2018,SLC,0.0
01/04/2019,ATL,-44.0
01/04/2019,DTW,-5.0
01/04/2019,MSP,-6.0
01/04/2019,SLC,-6.0
01/05/2017,ATL,44.0
01/05/2017,DTW,-10.0
01/05/2017,MSP,-3.0
01/05/2017,SLC,79.0
01/05/2018,ATL,75.0
01/05/2018,DTW,0.0
01/05/2018,MSP,0.0
01/05/2018,SLC,23.0
01/05/2019,ATL,-29.0
01/05/2019,DTW,-8.0
01/05/2019,MSP,-12.0
01/05/2019,SLC,0.0
01/06/2017,ATL,4.0
01/06/2017,DTW,4.0
01/06/2017,MSP,-8.0
01/06/2017,SLC,-1.0
01/06/2018,ATL,-8.0
01/06/2018,DTW,1.0
01/06/2018,MSP,-6.0
01/06/2019,ATL,172.0
01/06/2019,DTW,-8.0
01/06/2019,MSP,-7.0
01/06/2019,SLC,-3.0
01/07/2017,ATL,331.0
01/07/2017,DTW,-11.0
01/07/2018,ATL,135.0
01/07/2018,DTW,-5.0
01/07/2018,MSP,-1.0
01/07/2018,SLC,59.0
01/07/2019,ATL,-54.0
01/07/2019,DTW,-17.0
01/07/2019,MSP,-11.0
01/07/2019,SLC,-6.0
01/08/2017,ATL,432.0
01/08/2017,DTW,-5.0
01/08/2017,SLC,42.0
01/08/2018,ATL,744.0
01/08/2018,DTW,63.0
01/08/2018,MSP,-5.0
01/08/2018,SLC,58.0
01/08/2019,ATL,101.0
01/08/2019,DTW,-11.0
01/08/2019,MSP,649.0
01/08/2019,SLC,18.0
01/09/2017,ATL,67.0
01/09/2017,DTW,4.0
01/09/2017,SLC,37.0
01/09/2018,ATL,27.0
01/09/2018,DTW,-9.0
01/09/2018,MSP,-5.0
01/09/2018,SLC,3.0
01/09/2019,ATL,-11.0
01/09/2019,DTW,156.0
01/09/2019,MSP,3.0
01/09/2019,SLC,-6.0
01/10/2017,ATL,-37.0
01/10/2017,DTW,12.0
01/10/2017,SLC,-8.0
01/10/2018,ATL,-31.0
01/10/2018,DTW,-15.0
01/10/2018,MSP,-8.0
01/10/2018,SLC,-4.0
01/10/2019,ATL,63.0
01/10/2019,DTW,88.0
01/10/2019,MSP,115.0
01/10/2019,SLC,28.0
01/11/2017,ATL,45.0
01/11/2017,DTW,-1.0
01/11/2017,SLC,-4.0
01/11/2018,ATL,-27.0
01/11/2018,DTW,16.0
01/11/2018,MSP,-7.0
01/11/2018,SLC,-2.0
01/11/2019,ATL,132.0
01/11/2019,DTW,27.0
01/11/2019,MSP,-5.0
01/11/2019,SLC,30.0
01/12/2017,ATL,188.0
01/12/2017,DTW,-14.0
01/12/2017,SLC,25.0
01/12/2018,ATL,548.0
01/12/2018,DTW,-5.0
01/12/2018,MSP,-5.0
01/12/2018,SLC,83.0
01/12/2019,ATL,-28.0
01/12/2019,DTW,-5.0
01/12/2019,MSP,-14.0
01/12/2019,SLC,9.0
01/13/2017,ATL,32.0
01/13/2017,DTW,-21.0
01/13/2017,SLC,-4.0
01/13/2018,ATL,-27.0
01/13/2018,DTW,-7.0
01/13/2018,MSP,-5.0
01/13/2019,ATL,12.0
01/13/2019,DTW,-2.0
01/13/2019,MSP,-5.0
01/13/2019,SLC,-3.0
01/14/2017,ATL,85.0
01/14/2017,DTW,-13.0
01/14/2018,ATL,-30.0
01/14/2018,DTW,-9.0
01/14/2019,ATL,-37.0
01/14/2019,DTW,92.0
01/14/2019,MSP,-6.0
01/14/2019,SLC,-3.0
01/15/2017,ATL,-29.0
01/15/2017,DTW,-6.0
01/15/2018,ATL,17.0
01/15/2018,DTW,-4.0
01/15/2018,MSP,-4.0
01/15/2018,SLC,-2.0
01/15/2019,ATL,33.0
01/15/2019,DTW,-3.0
01/15/2019,MSP,52.0
01/15/2019,SLC,-7.0
01/16/2017,ATL,-19.0
01/16/2017,DTW,-8.0
01/16/2017,SLC,-8.0
01/16/2018,ATL,22.0
01/16/2018,DTW,-7.0
01/16/2018,MSP,-3.0
01/16/2018,SLC,54.0
01/16/2019,ATL,51.0
01/16/2019,DTW,-17.0
01/16/2019,MSP,-16.0
01/16/2019,SLC,-1.0
01/17/2017,ATL,-41.0
01/17/2017,DTW,4.0
01/17/2017,SLC,-6.0
01/17/2018,ATL,1091.0
01/17/2018,DTW,-8.0
01/17/2018,MSP,-7.0
01/17/2018,SLC,33.0
01/17/2019,ATL,-19.0
01/17/2019,DTW,1.0
01/17/2019,MSP,-7.0
01/17/2019,SLC,4.0
01/18/2017,ATL,4.0
01/18/2017,DTW,-14.0
01/18/2017,SLC,35.0
01/18/2018,ATL,303.0
01/18/2018,DTW,64.0
01/18/2018,MSP,-11.0
01/18/2018,SLC,0.0
01/18/2019,ATL,189.0
01/18/2019,DTW,61.0
01/18/2019,MSP,44.0
01/18/2019,SLC,1.0
01/19/2017,ATL,-60.0
01/19/2017,DTW,-6.0
01/19/2017,SLC,3.0
01/19/2018,ATL,39.0
01/19/2018,DTW,-8.0
01/19/2018,MSP,-11.0
01/19/2018,SLC,1.0
01/19/2019,ATL,2.0
01/19/2019,DTW,-1.0
01/19/2019,MSP,-5.0
01/20/2017,ATL,221.0
01/20/2017,DTW,-16.0
01/20/2017,SLC,53.0
01/20/2018,ATL,119.0
01/20/2018,DTW,-8.0
01/20/2018,MSP,-5.0
01/20/2019,ATL,-4.0
01/20/2019,DTW,52.0
01/21/2017,ATL,524.0
01/21/2017,DTW,44.0
01/21/2018,ATL,-52.0
01/21/2018,DTW,-14.0
01/21/2018,SLC,3.0
01/21/2019,ATL,864.0
01/21/2019,DTW,191.0
01/21/2019,MSP,157.0
01/21/2019,SLC,132.0
01/22/2017,ATL,27.0
01/22/2017,DTW,97.0
01/22/2017,SLC,1.0
01/22/2018,ATL,-22.0
01/22/2018,DTW,-6.0
01/22/2018,MSP,19.0
01/22/2018,SLC,-7.0
01/22/2019,ATL,23.0
01/22/2019,DTW,26.0
01/22/2019,MSP,-4.0
01/22/2019,SLC,-6.0
01/23/2017,ATL,323.0
01/23/2017,DTW,-11.0
01/23/2017,SLC,71.0
01/23/2018,ATL,-38.0
01/23/2018,DTW,-11.0
01/23/2018,MSP,0.0
01/23/2018,SLC,30.0
01/23/2019,ATL,160.0
01/23/2019,DTW,63.0
01/23/2019,MSP,88.0
01/23/2019,SLC,79.0
01/24/2017,ATL,132.0
01/24/2017,DTW,-10.0
01/24/2017,SLC,55.0
01/24/2018,ATL,-48.0
01/24/2018,DTW,96.0
01/24/2018,MSP,-2.0
01/24/2018,SLC,279.0
01/24/2019,ATL,427.0
01/24/2019,DTW,180.0
01/24/2019,MSP,64.0
01/24/2019,SLC,138.0
01/25/2017,ATL,26.0
01/25/2017,DTW,-12.0
01/25/2017,SLC,50.0
01/25/2018,ATL,-34.0
01/25/2018,DTW,-13.0
01/25/2018,MSP,-4.0
01/25/2018,SLC,-4.0
01/25/2019,ATL,65.0
01/25/2019,DTW,21.0
01/25/2019,MSP,10.0
01/25/2019,SLC,32.0
01/26/2017,ATL,35.0
01/26/2017,DTW,-10.0
01/26/2017,SLC,-4.0
01/26/2018,ATL,-53.0
01/26/2018,DTW,-16.0
01/26/2018,MSP,-7.0
01/26/2018,SLC,-4.0
01/26/2019,ATL,165.0
01/26/2019,DTW,74.0
01/26/2019,MSP,-12.0
01/26/2019,SLC,-10.0
01/27/2017,ATL,-3.0
01/27/2017,DTW,-8.0
01/27/2017,SLC,-3.0
01/27/2018,ATL,-29.0
01/27/2018,DTW,-2.0
01/27/2018,MSP,-9.0
01/27/2019,ATL,53.0
01/27/2019,DTW,-3.0
01/27/2019,MSP,30.0
01/27/2019,SLC,-5.0
01/28/2017,ATL,-21.0
01/28/2017,DTW,-9.0
01/28/2018,ATL,-11.0
01/28/2018,DTW,-12.0
01/28/2018,SLC,-5.0
01/28/2019,ATL,-66.0
01/28/2019,DTW,236.0
01/28/2019,MSP,-6.0
01/28/2019,SLC,-9.0
01/29/2017,ATL,10.0
01/29/2017,DTW,-3.0
01/29/2017,SLC,-4.0
01/29/2018,ATL,-59.0
01/29/2018,DTW,-16.0
01/29/2018,MSP,-6.0
01/29/2018,SLC,-1.0
01/29/2019,ATL,81.0
01/29/2019,DTW,-8.0
01/29/2019,MSP,5.0
01/29/2019,SLC,-8.0
01/30/2017,ATL,-15.0
01/30/2017,DTW,-6.0
01/30/2017,SLC,4.0
01/30/2018,ATL,-51.0
01/30/2018,DTW,-13.0
01/30/2018,MSP,-1.0
01/30/2018,SLC,-11.0
01/30/2019,ATL,319.0
01/30/2019,DTW,110.0
01/30/2019,MSP,173.0
01/30/2019,SLC,126.0
01/31/2017,ATL,38.0
01/31/2017,DTW,-10.0
01/31/2017,SLC,-7.0
01/31/2018,ATL,-50.0
01/31/2018,DTW,-17.0
01/31/2018,MSP,-2.0
01/31/2018,SLC,-5.0
01/31/2019,ATL,98.0
01/31/2019,DTW,35.0
01/31/2019,MSP,-12.0
01/31/2019,SLC,52.0
02/01/2017,ATL,-44.0
02/01/2017,DTW,-13.0
02/01/2017,SLC,33.0
02/01/2018,ATL,480.0
02/01/2018,DTW,-15.0
02/01/2018,MSP,-7.0
02/01/2018,SLC,-4.0
02/01/2019,ATL,170.0
02/01/2019,DTW,-9.0
02/01/2019,MSP,6.0
02/01/2019,SLC,1.0
02/02/2017,ATL,-42.0
02/02/2017,DTW,-10.0
02/02/2017,SLC,5.0
02/02/2018,ATL,260.0
02/02/2018,DTW,-16.0
02/02/2018,MSP,5.0
02/02/2018,SLC,101.0
02/02/2019,ATL,0.0
02/02/2019,DTW,-5.0
02/02/2019,MSP,-9.0
02/03/2017,ATL,-23.0
02/03/2017,DTW,-15.0
02/03/2017,SLC,-4.0
02/03/2018,ATL,-26.0
02/03/2018,DTW,-5.0
02/03/2018,MSP,-7.0
02/03/2019,ATL,-35.0
02/03/2019,DTW,-23.0
02/04/2017,ATL,-19.0
02/04/2017,DTW,-9.0
02/04/2018,ATL,52.0
02/04/2018,DTW,-9.0
02/04/2019,ATL,-48.0
02/04/2019,DTW,0.0
02/04/2019,MSP,30.0
02/04/2019,SLC,-8.0
02/05/2017,ATL,-17.0
02/05/2017,DTW,-8.0
02/05/2017,MSP,-4.0
02/05/2018,ATL,65.0
02/05/2018,DTW,-6.0
02/05/2018,MSP,-6.0
02/05/2018,SLC,-2.0
02/05/2019,ATL,-26.0
02/05/2019,DTW,-14.0
02/05/2019,MSP,29.0
02/05/2019,SLC,-6.0
02/06/2017,ATL,-48.0
02/06/2017,DTW,-11.0
02/06/2017,SLC,-12.0
02/06/2018,ATL,-51.0
02/06/2018,DTW,-7.0
02/06/2018,MSP,-5.0
02/06/2018,SLC,-5.0
02/06/2019,ATL,16.0
02/06/2019,DTW,48.0
02/06/2019,MSP,-9.0
02/06/2019,SLC,-5.0
02/07/2017,ATL,51.0
02/07/2017,DTW,-7.0
02/07/2017,SLC,1.0
02/07/2018,ATL,722.0
02/07/2018,DTW,34.0
02/07/2018,MSP,-7.0
02/07/2018,SLC,59.0
02/07/2019,ATL,261.0
02/07/2019,DTW,376.0
02/07/2019,MSP,214.0
02/07/2019,SLC,9.0
02/08/2017,ATL,15.0
02/08/2017,DTW,-11.0
02/08/2017,SLC,-5.0
02/08/2018,ATL,-9.0
02/08/2018,DTW,-13.0
02/08/2018,MSP,-5.0
02/08/2018,SLC,-3.0
02/08/2019,ATL,52.0
02/08/2019,DTW,79.0
02/08/2019,MSP,191.0
02/08/2019,SLC,37.0
02/09/2017,ATL,607.0
02/09/2017,DTW,34.0
02/09/2017,SLC,1.0
02/09/2018,ATL,549.0
02/09/2018,DTW,-10.0
02/09/2018,MSP,-3.0
02/09/2018,SLC,-5.0
02/09/2019,ATL,-18.0
02/09/2019,DTW,-1.0
02/09/2019,MSP,-8.0
02/09/2019,SLC,-8.0
02/10/2017,ATL,235.0
02/10/2017,DTW,13.0
02/10/2017,SLC,6.0
02/10/2018,ATL,1.0
02/10/2018,DTW,-7.0
02/10/2018,MSP,-5.0
02/10/2019,ATL,-4.0
02/10/2019,DTW,29.0
02/10/2019,MSP,39.0
02/10/2019,SLC,-4.0
02/11/2017,ATL,6.0
02/11/2017,DTW,-7.0
02/11/2018,ATL,710.0
02/11/2018,DTW,398.0
02/11/2018,SLC,54.0
02/11/2019,ATL,-40.0
02/11/2019,DTW,23.0
02/11/2019,MSP,-9.0
02/11/2019,SLC,-9.0
02/12/2017,ATL,288.0
02/12/2017,DTW,-8.0
02/12/2017,SLC,50.0
02/12/2018,ATL,52.0
02/12/2018,DTW,163.0
02/12/2018,MSP,-8.0
02/12/2018,SLC,-7.0
02/12/2019,ATL,386.0
02/12/2019,DTW,188.0
02/12/2019,MSP,116.0
02/12/2019,SLC,167.0
02/13/2017,ATL,673.0
02/13/2017,DTW,-19.0
02/13/2017,SLC,121.0
02/13/2018,ATL,-64.0
02/13/2018,DTW,-15.0
02/13/2018,MSP,-5.0
02/13/2018,SLC,6.0
02/13/2019,ATL,5.0
02/13/2019,DTW,6.0
02/13/2019,MSP,-7.0
02/13/2019,SLC,10.0
02/14/2017,ATL,-36.0
02/14/2017,DTW,-11.0
02/14/2017,SLC,-7.0
02/14/2018,ATL,-46.0
02/14/2018,DTW,-13.0
02/14/2018,MSP,-10.0
02/14/2018,SLC,-3.0
02/14/2019,ATL,-32.0
02/14/2019,DTW,14.0
02/14/2019,MSP,-12.0
02/14/2019,SLC,-3.0
02/15/2017,ATL,22.0
02/15/2017,DTW,9.0
02/15/2017,SLC,0.0
02/15/2018,ATL,54.0
02/15/2018,DTW,-6.0
02/15/2018,MSP,-6.0
02/15/2018,SLC,3.0
02/15/2019,ATL,557.0
02/15/2019,DTW,0.0
02/15/2019,MSP,-10.0
02/15/2019,SLC,-2.0
02/16/2017,ATL,74.0
02/16/2017,DTW,-9.0
02/16/2017,SLC,10.0
02/16/2018,ATL,61.0
02/16/2018,DTW,-20.0
02/16/2018,MSP,-5.0
02/16/2018,SLC,-6.0
02/16/2019,ATL,-33.0
02/16/2019,DTW,7.0
02/16/2019,MSP,-8.0
02/16/2019,SLC,-6.0
02/17/2017,ATL,330.0
02/17/2017,DTW,-10.0
02/17/2017,SLC,-5.0
02/17/2018,ATL,-26.0
02/17/2018,DTW,-13.0
02/17/2018,SLC,-1.0
02/17/2019,ATL,-21.0
02/17/2019,DTW,-28.0
02/17/2019,SLC,17.0
02/18/2017,ATL,-26.0
02/18/2017,DTW,-1.0
02/18/2017,SLC,-2.0
02/18/2018,ATL,-21.0
02/18/2018,MSP,-6.0
02/18/2018,SLC,-6.0
02/18/2019,ATL,-18.0
02/18/2019,DTW,-12.0
02/18/2019,MSP,-4.0
02/18/2019,SLC,14.0
02/19/2017,ATL,-12.0
02/19/2017,DTW,-6.0
02/19/2017,SLC,178.0
02/19/2018,ATL,-12.0
02/19/2018,DTW,-2.0
02/19/2018,MSP,-7.0
02/19/2018,SLC,122.0
02/19/2019,ATL,85.0
02/19/2019,DTW,-13.0
02/19/2019,MSP,9.0
02/19/2019,SLC,57.0
02/20/2017,ATL,-34.0
02/20/2017,DTW,-12.0
02/20/2017,SLC,5.0
02/20/2018,ATL,15.0
02/20/2018,DTW,-6.0
02/20/2018,MSP,-2.0
02/20/2018,SLC,29.0
02/20/2019,ATL,299.0
02/20/2019,DTW,498.0
02/20/2019,MSP,219.0
02/20/2019,SLC,247.0
02/21/2017,ATL,53.0
02/21/2017,DTW,-7.0
02/21/2017,SLC,0.0
02/21/2018,ATL,-25.0
02/21/2018,DTW,-19.0
02/21/2018,MSP,-8.0
02/21/2018,SLC,-6.0
02/21/2019,ATL,926.0
02/21/2019,DTW,3.0
02/21/2019,MSP,46.0
02/21/2019,SLC,-2.0
02/22/2017,ATL,28.0
02/22/2017,DTW,-14.0
02/22/2017,SLC,-5.0
02/22/2018,ATL,199.0
02/22/2018,DTW,-18.0
02/22/2018,MSP,-7.0
02/22/2018,SLC,54.0
02/22/2019,ATL,279.0
02/22/2019,DTW,-10.0
02/22/2019,MSP,-9.0
02/22/2019,SLC,-1.0
02/23/2017,ATL,378.0
02/23/2017,DTW,-15.0
02/23/2017,SLC,0.0
02/23/2018,ATL,150.0
02/23/2018,DTW,-13.0
02/23/2018,MSP,-7.0
02/23/2018,SLC,110.0
02/23/2019,ATL,-38.0
02/23/2019,DTW,-8.0
02/23/2019,MSP,-18.0
02/23/2019,SLC,-3.0
02/24/2017,ATL,177.0
02/24/2017,DTW,1.0
02/24/2017,SLC,0.0
02/24/2018,ATL,-24.0
02/24/2018,DTW,59.0
02/24/2018,SLC,-4.0
02/24/2019,ATL,-35.0
02/24/2019,DTW,-5.0
02/24/2019,MSP,-8.0
02/24/2019,SLC,-5.0
02/25/2017,ATL,1.0
02/25/2017,DTW,-19.0
02/25/2017,MSP,-2.0
02/25/2017,SLC,15.0
02/25/2018,ATL,1042.0
02/25/2018,MSP,-6.0
02/25/2018,SLC,13.0
02/25/2019,ATL,408.0
02/25/2019,DTW,103.0
02/25/2019,MSP,83.0
02/25/2019,SLC,78.0
02/26/2017,ATL,55.0
02/26/2017,DTW,-5.0
02/26/2017,SLC,70.0
02/26/2018,ATL,-37.0
02/26/2018,DTW,-7.0
02/26/2018,MSP,-6.0
02/26/2018,SLC,-5.0
02/26/2019,ATL,-42.0
02/26/2019,DTW,0.0
02/26/2019,MSP,0.0
02/26/2019,SLC,-7.0
02/27/2017,ATL,-17.0
02/27/2017,DTW,-16.0
02/27/2017,SLC,16.0
02/27/2018,ATL,-61.0
02/27/2018,DTW,-15.0
02/27/2018,MSP,12.0
02/27/2018,SLC,-8.0
02/27/2019,ATL,-14.0
02/27/2019,DTW,-18.0
02/27/2019,MSP,-11.0
02/27/2019,SLC,-7.0
02/28/2017,ATL,-78.0
02/28/2017,DTW,-14.0
02/28/2017,SLC,-6.0
02/28/2018,ATL,193.0
02/28/2018,DTW,-17.0
02/28/2018,MSP,-8.0
02/28/2018,SLC,-5.0
02/28/2019,ATL,-32.0
02/28/2019,DTW,-10.0
02/28/2019,MSP,-4.0
02/28/2019,SLC,3.0
03/01/2017,ATL,110.0
03/01/2017,DTW,-11.0
03/01/2017,SLC,3.0
03/01/2018,ATL,-15.0
03/01/2018,DTW,-7.0
03/01/2018,MSP,-3.0
03/01/2018,SLC,11.0
03/01/2019,ATL,426.0
03/01/2019,DTW,46.0
03/01/2019,MSP,100.0
03/01/2019,SLC,10.0
03/02/2017,ATL,534.0
03/02/2017,DTW,-8.0
03/02/2017,SLC,199.0
03/02/2018,ATL,193.0
03/02/2018,DTW,-8.0
03/02/2018,MSP,-6.0
03/02/2018,SLC,0.0
03/02/2019,ATL,332.0
03/02/2019,DTW,108.0
03/02/2019,MSP,118.0
03/02/2019,SLC,-7.0
03/03/2017,ATL,17.0
03/03/2017,DTW,64.0
03/03/2017,SLC,-6.0
03/03/2018,ATL,-29.0
03/03/2018,DTW,-4.0
03/03/2018,MSP,266.0
03/03/2018,SLC,113.0
03/03/2019,ATL,221.0
03/03/2019,DTW,13.0
03/03/2019,MSP,-8.0
03/03/2019,SLC,-2.0
03/04/2017,ATL,62.0
03/04/2017,DTW,-17.0
03/04/2017,MSP,-3.0
03/04/2017,SLC,19.0
03/04/2018,ATL,-23.0
03/04/2018,DTW,-11.0
03/04/2018,MSP,-4.0
03/04/2018,SLC,81.0
03/04/2019,ATL,897.0
03/04/2019,DTW,13.0
03/04/2019,MSP,-20.0
03/04/2019,SLC,-5.0
03/05/2017,ATL,-37.0
03/05/2017,DTW,-3.0
03/05/2017,SLC,-5.0
03/05/2018,ATL,74.0
03/05/2018,DTW,-10.0
03/05/2018,MSP,-7.0
03/05/2018,SLC,55.0
03/05/2019,ATL,178.0
03/05/2019,DTW,96.0
03/05/2019,MSP,154.0
03/05/2019,SLC,2.0
03/06/2017,ATL,-21.0
03/06/2017,DTW,-18.0
03/06/2017,SLC,-7.0
03/06/2018,ATL,25.0
03/06/2018,DTW,-13.0
03/06/2018,MSP,0.0
03/06/2018,SLC,2.0
03/06/2019,ATL,116.0
03/06/2019,DTW,15.0
03/06/2019,MSP,-10.0
03/06/2019,SLC,3.0
03/07/2017,ATL,-26.0
03/07/2017,DTW,-16.0
03/07/2017,SLC,-8.0
03/07/2018,ATL,271.0
03/07/2018,DTW,-3.0
03/07/2018,MSP,-13.0
03/07/2018,SLC,-5.0
03/07/2019,ATL,80.0
03/07/2019,DTW,-20.0
03/07/2019,MSP,-14.0
03/07/2019,SLC,-3.0
03/08/2017,ATL,9.0
03/08/2017,DTW,-13.0
03/08/2017,SLC,5.0
03/08/2018,ATL,136.0
03/08/2018,DTW,-6.0
03/08/2018,MSP,-4.0
03/08/2018,SLC,26.0
03/08/2019,ATL,-30.0
03/08/2019,DTW,-15.0
03/08/2019,MSP,-16.0
03/08/2019,SLC,-3.0
03/09/2017,ATL,30.0
03/09/2017,DTW,-7.0
03/09/2017,MSP,-10.0
03/09/2017,SLC,9.0
03/09/2018,ATL,470.0
03/09/2018,DTW,-12.0
03/09/2018,MSP,-4.0
03/09/2018,SLC,22.0
03/09/2019,ATL,96.0
03/09/2019,DTW,8.0
03/09/2019,MSP,78.0
03/09/2019,SLC,43.0
03/10/2017,ATL,478.0
03/10/2017,DTW,-4.0
03/10/2017,MSP,-7.0
03/10/2017,SLC,-1.0
03/10/2018,ATL,-18.0
03/10/2018,DTW,-3.0
03/10/2018,MSP,-4.0
03/10/2018,SLC,-2.0
03/10/2019,ATL,238.0
03/10/2019,DTW,56.0
03/10/2019,MSP,-8.0
03/10/2019,SLC,37.0
03/11/2017,ATL,-7.0
03/11/2017,DTW,-15.0
03/11/2017,MSP,37.0
03/11/2017,SLC,-6.0
03/11/2018,ATL,72.0
03/11/2018,DTW,-6.0
03/11/2018,SLC,-4.0
03/11/2019,ATL,46.0
03/11/2019,DTW,-17.0
03/11/2019,MSP,-17.0
03/11/2019,SLC,-1.0
03/12/2017,ATL,105.0
03/12/2017,DTW,-3.0
03/12/2017,MSP,-6.0
03/12/2017,SLC,-7.0
03/12/2018,ATL,-51.0
03/12/2018,DTW,-11.0
03/12/2018,MSP,-7.0
03/12/2018,SLC,31.0
03/12/2019,ATL,13.0
03/12/2019,DTW,-7.0
03/12/2019,MSP,-16.0
03/12/2019,SLC,2.0
03/13/2017,ATL,247.0
03/13/2017,DTW,-12.0
03/13/2017,MSP,-6.0
03/13/2017,SLC,-6.0
03/13/2018,ATL,348.0
03/13/2018,DTW,67.0
03/13/2018,MSP,-8.0
03/13/2018,SLC,77.0
03/13/2019,ATL,-34.0
03/13/2019,DTW,-16.0
03/13/2019,MSP,-9.0
03/13/2019,SLC,12.0
03/14/2017,ATL,0.0
03/14/2017,DTW,11.0
03/14/2017,MSP,0.0
03/14/2017,SLC,58.0
03/14/2018,ATL,79.0
03/14/2018,DTW,43.0
03/14/2018,MSP,21.0
03/14/2018,SLC,9.0
03/14/2019,ATL,4.0
03/14/2019,DTW,-20.0
03/14/2019,MSP,-10.0
03/14/2019,SLC,-3.0
03/15/2017,ATL,570.0
03/15/2017,DTW,-6.0
03/15/2017,MSP,0.0
03/15/2017,SLC,-3.0
03/15/2018,ATL,175.0
03/15/2018,DTW,-12.0
03/15/2018,MSP,-7.0
03/15/2018,SLC,24.0
03/15/2019,ATL,290.0
03/15/2019,DTW,29.0
03/15/2019,MSP,-11.0
03/15/2019,SLC,0.0
03/16/2017,ATL,99.0
03/16/2017,DTW,-4.0
03/16/2017,MSP,-7.0
03/16/2017,SLC,-2.0
03/16/2018,ATL,122.0
03/16/2018,DTW,-9.0
03/16/2018,MSP,-5.0
03/16/2018,SLC,12.0
03/16/2019,ATL,-28.0
03/16/2019,DTW,-9.0
03/16/2019,MSP,27.0
03/16/2019,SLC,-8.0
03/17/2017,ATL,178.0
03/17/2017,DTW,-7.0
03/17/2017,MSP,-12.0
03/17/2017,SLC,9.0
03/17/2018,ATL,-24.0
03/17/2018,DTW,-6.0
03/17/2018,MSP,0.0
03/17/2018,SLC,26.0
03/17/2019,ATL,77.0
03/17/2019,DTW,33.0
03/17/2019,MSP,-7.0
03/17/2019,SLC,-6.0
03/18/2017,ATL,61.0
03/18/2017,DTW,-14.0
03/18/2017,MSP,51.0
03/18/2017,SLC,-4.0
03/18/2018,ATL,167.0
03/18/2018,DTW,-3.0
03/18/2018,SLC,18.0
03/18/2019,ATL,-36.0
03/18/2019,DTW,-25.0
03/18/2019,MSP,-13.0
03/18/2019,SLC,-5.0
03/19/2017,ATL,-2.0
03/19/2017,DTW,-4.0
03/19/2017,MSP,-5.0
03/19/2017,SLC,-10.0
03/19/2018,ATL,-36.0
03/19/2018,DTW,-13.0
03/19/2018,MSP,-3.0
03/19/2018,SLC,-5.0
03/19/2019,ATL,-49.0
03/19/2019,DTW,-26.0
03/19/2019,MSP,-16.0
03/19/2019,SLC,-7.0
03/20/2017,ATL,-28.0
03/20/2017,DTW,-9.0
03/20/2017,MSP,-2.0
03/20/2017,SLC,-1.0
03/20/2018,ATL,32.0
03/20/2018,DTW,-15.0
03/20/2018,MSP,-6.0
03/20/2018,SLC,36.0
03/20/2019,ATL,227.0
03/20/2019,DTW,-14.0
03/20/2019,MSP,-14.0
03/20/2019,SLC,-2.0
03/21/2017,ATL,-16.0
03/21/2017,DTW,-6.0
03/21/2017,MSP,-7.0
03/21/2017,SLC,-8.0
03/21/2018,ATL,256.0
03/21/2018,DTW,-9.0
03/21/2018,MSP,-3.0
03/21/2018,SLC,-5.0
03/21/2019,ATL,214.0
03/21/2019,DTW,48.0
03/21/2019,MSP,-14.0
03/21/2019,SLC,39.0
03/22/2017,ATL,91.0
03/22/2017,DTW,-6.0
03/22/2017,MSP,-5.0
03/22/2017,SLC,61.0
03/22/2018,ATL,463.0
03/22/2018,DTW,-9.0
03/22/2018,MSP,271.0
03/22/2018,SLC,2.0
03/22/2019,ATL,244.0
03/22/2019,DTW,55.0
03/22/2019,MSP,-13.0
03/22/2019,SLC,-5.0
03/23/2017,ATL,-35.0
03/23/2017,DTW,-17.0
03/23/2017,MSP,-11.0
03/23/2017,SLC,-4.0
03/23/2018,ATL,34.0
03/23/2018,DTW,-12.0
03/23/2018,MSP,0.0
03/23/2018,SLC,22.0
03/23/2019,ATL,179.0
03/23/2019,DTW,-15.0
03/23/2019,MSP,-24.0
03/23/2019,SLC,6.0
03/24/2017,ATL,119.0
03/24/2017,DTW,-13.0
03/24/2017,MSP,-7.0
03/24/2017,SLC,-2.0
03/24/2018,ATL,-11.0
03/24/2018,DTW,-5.0
03/24/2018,MSP,-3.0
03/24/2018,SLC,-8.0
03/24/2019,ATL,79.0
03/24/2019,DTW,26.0
03/24/2019,MSP,-6.0
03/24/2019,SLC,0.0
03/25/2017,ATL,7.0
03/25/2017,DTW,-27.0
03/25/2017,MSP,-15.0
03/25/2017,SLC,-7.0
03/25/2018,ATL,-43.0
03/25/2018,DTW,-9.0
03/25/2018,SLC,-8.0
03/25/2019,ATL,25.0
03/25/2019,DTW,-21.0
03/25/2019,MSP,-16.0
03/25/2019,SLC,-7.0
03/26/2017,ATL,212.0
03/26/2017,DTW,-6.0
03/26/2017,MSP,0.0
03/26/2017,SLC,-7.0
03/26/2018,ATL,-7.0
03/26/2018,DTW,-16.0
03/26/2018,MSP,-9.0
03/26/2018,SLC,-9.0
03/26/2019,ATL,655.0
03/26/2019,DTW,-16.0
03/26/2019,MSP,-13.0
03/26/2019,SLC,-7.0
03/27/2017,ATL,460.0
03/27/2017,DTW,-8.0
03/27/2017,MSP,-9.0
03/27/2017,SLC,72.0
03/27/2018,ATL,-22.0
03/27/2018,DTW,-18.0
03/27/2018,MSP,-2.0
03/27/2018,SLC,-3.0
03/27/2019,ATL,-34.0
03/27/2019,DTW,-11.0
03/27/2019,MSP,-13.0
03/27/2019,SLC,-7.0
03/28/2017,ATL,182.0
03/28/2017,DTW,-14.0
03/28/2017,MSP,-6.0
03/28/2017,SLC,-1.0
03/28/2018,ATL,70.0
03/28/2018,DTW,-3.0
03/28/2018,MSP,-3.0
03/28/2018,SLC,1.0
03/28/2019,ATL,-49.0
03/28/2019,DTW,-21.0
03/28/2019,MSP,-18.0
03/28/2019,SLC,-6.0
03/29/2017,ATL,-60.0
03/29/2017,DTW,-5.0
03/29/2017,MSP,-5.0
03/29/2017,SLC,-5.0
03/29/2018,ATL,161.0
03/29/2018,DTW,-9.0
03/29/2018,MSP,-4.0
03/29/2018,SLC,-2.0
03/29/2019,ATL,-45.0
03/29/2019,DTW,-20.0
03/29/2019,MSP,-12.0
03/29/2019,SLC,-10.0
03/30/2017,ATL,-49.0
03/30/2017,DTW,-7.0
03/30/2017,MSP,-12.0
03/30/2017,SLC,-2.0
03/30/2018,ATL,-39.0
03/30/2018,DTW,-8.0
03/30/2018,MSP,3.0
03/30/2018,SLC,0.0
03/30/2019,ATL,-19.0
03/30/2019,DTW,-15.0
03/30/2019,MSP,50.0
03/30/2019,SLC,-3.0
03/31/2017,ATL,373.0
03/31/2017,DTW,-12.0
03/31/2017,MSP,-11.0
03/31/2017,SLC,95.0
03/31/2018,ATL,-42.0
03/31/2018,DTW,-2.0
03/31/2018,MSP,-2.0
03/31/2018,SLC,-5.0
03/31/2019,ATL,62.0
03/31/2019,DTW,26.0
03/31/2019,MSP,-4.0
03/31/2019,SLC,-5.0
04/01/2017,ATL,-19.0
04/01/2017,DTW,-7.0
04/01/2017,MSP,25.0
04/01/2017,SLC,-1.0
04/01/2018,ATL,-16.0
04/01/2018,DTW,-6.0
04/01/2018,SLC,-4.0
04/01/2019,ATL,55.0
04/01/2019,DTW,10.0
04/01/2019,MSP,110.0
04/01/2019,SLC,-7.0
04/02/2017,ATL,-64.0
04/02/2017,DTW,-12.0
04/02/2017,MSP,15.0
04/02/2017,SLC,-9.0
04/02/2018,ATL,881.0
04/02/2018,DTW,-8.0
04/02/2018,MSP,-3.0
04/02/2018,SLC,74.0
04/02/2019,ATL,-29.0
04/02/2019,DTW,-24.0
04/02/2019,MSP,-15.0
04/02/2019,SLC,-5.0
04/03/2017,ATL,1154.0
04/03/2017,DTW,-24.0
04/03/2017,MSP,-3.0
04/03/2017,SLC,-1.0
04/03/2018,ATL,143.0
04/03/2018,DTW,-7.0
04/03/2018,MSP,-3.0
04/03/2018,SLC,1.0
04/03/2019,ATL,432.0
04/03/2019,DTW,69.0
04/03/2019,MSP,-9.0
04/03/2019,SLC,32.0
04/04/2017,ATL,462.0
04/04/2017,DTW,-16.0
04/04/2017,MSP,-13.0
04/04/2017,SLC,7.0
04/04/2018,ATL,1178.0
04/04/2018,DTW,-9.0
04/04/2018,MSP,-13.0
04/04/2018,SLC,200.0
04/04/2019,ATL,148.0
04/04/2019,DTW,-17.0
04/04/2019,MSP,-18.0
04/04/2019,SLC,4.0
04/05/2017,ATL,275.0
04/05/2017,DTW,203.0
04/05/2017,MSP,-10.0
04/05/2017,SLC,17.0
04/05/2018,ATL,121.0
04/05/2018,DTW,31.0
04/05/2018,MSP,-5.0
04/05/2018,SLC,3.0
04/05/2019,ATL,177.0
04/05/2019,DTW,15.0
04/05/2019,MSP,-5.0
04/05/2019,SLC,11.0
04/06/2017,ATL,546.0
04/06/2017,DTW,184.0
04/06/2017,MSP,-8.0
04/06/2017,SLC,98.0
04/06/2018,ATL,-27.0
04/06/2018,DTW,-8.0
04/06/2018,MSP,-8.0
04/06/2018,SLC,-5.0
04/06/2019,ATL,-43.0
04/06/2019,DTW,-7.0
04/06/2019,MSP,-18.0
04/06/2019,SLC,-8.0
04/07/2017,ATL,832.0
04/07/2017,DTW,343.0
04/07/2017,MSP,131.0
04/07/2017,SLC,72.0
04/07/2018,ATL,-41.0
04/07/2018,DTW,-16.0
04/07/2018,MSP,-14.0
04/07/2018,SLC,-2.0
04/07/2019,ATL,-42.0
04/07/2019,DTW,-26.0
04/07/2019,MSP,-14.0
04/07/2019,SLC,-6.0
04/08/2017,ATL,1013.0
04/08/2017,DTW,6.0
04/08/2017,MSP,36.0
04/08/2018,ATL,-27.0
04/08/2018,DTW,-16.0
04/08/2018,MSP,31.0
04/08/2018,SLC,-6.0
04/08/2019,ATL,64.0
04/08/2019,DTW,-19.0
04/08/2019,MSP,-14.0
04/08/2019,SLC,0.0
04/09/2017,ATL,746.0
04/09/2017,DTW,3.0
04/09/2017,MSP,135.0
04/09/2017,SLC,156.0
04/09/2018,ATL,-10.0
04/09/2018,DTW,1.0
04/09/2018,MSP,173.0
04/09/2018,SLC,1.0
04/09/2019,ATL,440.0
04/09/2019,DTW,154.0
04/09/2019,MSP,-16.0
04/09/2019,SLC,-4.0
04/10/2017,ATL,100.0
04/10/2017,DTW,-20.0
04/10/2017,MSP,-7.0
04/10/2017,SLC,-6.0
04/10/2018,ATL,-68.0
04/10/2018,DTW,-15.0
04/10/2018,MSP,-8.0
04/10/2018,SLC,-4.0
04/10/2019,ATL,38.0
04/10/2019,DTW,-25.0
04/10/2019,MSP,-8.0
04/10/2019,SLC,-4.0
04/11/2017,ATL,21.0
04/11/2017,DTW,-24.0
04/11/2017,MSP,-12.0
04/11/2017,SLC,118.0
04/11/2018,ATL,-50.0
04/11/2018,DTW,-11.0
04/11/2018,MSP,-17.0
04/11/2018,SLC,-7.0
04/11/2019,ATL,-65.0
04/11/2019,DTW,39.0
04/11/2019,MSP,830.0
04/11/2019,SLC,-7.0
04/12/2017,ATL,594.0
04/12/2017,DTW,8.0
04/12/2017,MSP,-7.0
04/12/2017,SLC,-4.0
04/12/2018,ATL,-44.0
04/12/2018,DTW,4.0
04/12/2018,MSP,-12.0
04/12/2018,SLC,35.0
04/12/2019,ATL,147.0
04/12/2019,DTW,33.0
04/12/2019,MSP,-9.0
04/12/2019,SLC,37.0
04/13/2017,ATL,41.0
04/13/2017,DTW,235.0
04/13/2017,MSP,572.0
04/13/2017,SLC,16.0
04/13/2018,ATL,-2.0
04/13/2018,DTW,-17.0
04/13/2018,MSP,-7.0
04/13/2018,SLC,-2.0
04/13/2019,ATL,-26.0
04/13/2019,DTW,-9.0
04/13/2019,MSP,-2.0
04/13/2019,SLC,-5.0
04/14/2017,ATL,-41.0
04/14/2017,DTW,-24.0
04/14/2017,MSP,-6.0
04/14/2017,SLC,-12.0
04/14/2018,ATL,-36.0
04/14/2018,DTW,-16.0
04/14/2018,MSP,-11.0
04/14/2018,SLC,-7.0
04/14/2019,ATL,464.0
04/14/2019,DTW,190.0
04/14/2019,MSP,-8.0
04/14/2019,SLC,44.0
04/15/2017,ATL,-31.0
04/15/2017,DTW,4.0
04/15/2017,MSP,57.0
04/15/2018,ATL,763.0
04/15/2018,DTW,-19.0
04/15/2018,MSP,-8.0
04/15/2018,SLC,144.0
04/15/2019,ATL,688.0
04/15/2019,DTW,155.0
04/15/2019,MSP,-8.0
04/15/2019,SLC,83.0
04/16/2017,ATL,54.0
04/16/2017,DTW,-8.0
04/16/2017,MSP,-4.0
04/16/2017,SLC,-1.0
04/16/2018,ATL,613.0
04/16/2018,DTW,146.0
04/16/2018,MSP,32.0
04/16/2018,SLC,13.0
04/16/2019,ATL,137.0
04/16/2019,DTW,-2.0
04/16/2019,MSP,64.0
04/16/2019,SLC,-3.0
04/17/2017,ATL,77.0
04/17/2017,DTW,-32.0
04/17/2017,MSP,-15.0
04/17/2017,SLC,-7.0
04/17/2018,ATL,144.0
04/17/2018,DTW,-15.0
04/17/2018,MSP,-14.0
04/17/2018,SLC,6.0
04/17/2019,ATL,-57.0
04/17/2019,DTW,-25.0
04/17/2019,MSP,-9.0
04/17/2019,SLC,-7.0
04/18/2017,ATL,-43.0
04/18/2017,DTW,57.0
04/18/2017,MSP,-14.0
04/18/2017,SLC,34.0
04/18/2018,ATL,64.0
04/18/2018,DTW,-13.0
04/18/2018,MSP,-15.0
04/18/2018,SLC,-2.0
04/18/2019,ATL,420.0
04/18/2019,DTW,37.0
04/18/2019,MSP,-7.0
04/18/2019,SLC,26.0
04/19/2017,ATL,-2.0
04/19/2017,DTW,-26.0
04/19/2017,MSP,-2.0
04/19/2017,SLC,-4.0
04/19/2018,ATL,-75.0
04/19/2018,DTW,-4.0
04/19/2018,MSP,-14.0
04/19/2018,SLC,-4.0
04/19/2019,ATL,1034.0
04/19/2019,DTW,230.0
04/19/2019,MSP,-17.0
04/19/2019,SLC,76.0
04/20/2017,ATL,31.0
04/20/2017,DTW,238.0
04/20/2017,MSP,-17.0
04/20/2017,SLC,37.0
04/20/2018,ATL,46.0
04/20/2018,DTW,-15.0
04/20/2018,MSP,-7.0
04/20/2018,SLC,-3.0
04/20/2019,ATL,7.0
04/20/2019,DTW,-8.0
04/20/2019,MSP,-15.0
04/21/2017,ATL,320.0
04/21/2017,DTW,14.0
04/21/2017,MSP,-9.0
04/21/2017,SLC,38.0
04/21/2018,ATL,-31.0
04/21/2018,DTW,-15.0
04/21/2018,MSP,-19.0
04/21/2018,SLC,-10.0
04/21/2019,ATL,-62.0
04/21/2019,DTW,-26.0
04/21/2019,MSP,-12.0
04/21/2019,SLC,-7.0
04/22/2017,ATL,10.0
04/22/2017,DTW,-16.0
04/22/2017,MSP,-10.0
04/22/2018,ATL,-57.0
04/22/2018,DTW,-22.0
04/22/2018,MSP,-4.0
04/22/2018,SLC,2.0
04/22/2019,ATL,83.0
04/22/2019,DTW,-6.0
04/22/2019,MSP,-12.0
04/22/2019,SLC,-5.0
04/23/2017,ATL,15.0
04/23/2017,DTW,-13.0
04/23/2017,MSP,-7.0
04/23/2017,SLC,-3.0
04/23/2018,ATL,166.0
04/23/2018,DTW,-11.0
04/23/2018,MSP,-13.0
04/23/2018,SLC,-10.0
04/23/2019,ATL,-59.0
04/23/2019,DTW,-27.0
04/23/2019,MSP,-13.0
04/23/2019,SLC,-4.0
04/24/2017,ATL,113.0
04/24/2017,DTW,18.0
04/24/2017,MSP,-10.0
04/24/2017,SLC,-5.0
04/24/2018,ATL,33.0
04/24/2018,DTW,-10.0
04/24/2018,MSP,-13.0
04/24/2018,SLC,-8.0
04/24/2019,ATL,54.0
04/24/2019,DTW,-24.0
04/24/2019,MSP,-12.0
04/24/2019,SLC,-4.0
04/25/2017,ATL,513.0
04/25/2017,DTW,63.0
04/25/2017,MSP,-9.0
04/25/2017,SLC,84.0
04/25/2018,ATL,457.0
04/25/2018,DTW,-13.0
04/25/2018,MSP,-18.0
04/25/2018,SLC,93.0
04/25/2019,ATL,-41.0
04/25/2019,DTW,-29.0
04/25/2019,MSP,-8.0
04/25/2019,SLC,-9.0
04/26/2017,ATL,409.0
04/26/2017,DTW,32.0
04/26/2017,MSP,-13.0
04/26/2017,SLC,70.0
04/26/2018,ATL,77.0
04/26/2018,DTW,-1.0
04/26/2018,MSP,-11.0
04/26/2018,SLC,22.0
04/26/2019,ATL,967.0
04/26/2019,DTW,194.0
04/26/2019,MSP,-1.0
04/26/2019,SLC,-1.0
04/27/2017,ATL,121.0
04/27/2017,DTW,-17.0
04/27/2017,MSP,-10.0
04/27/2017,SLC,0.0
04/27/2018,ATL,134.0
04/27/2018,DTW,11.0
04/27/2018,MSP,-21.0
04/27/2018,SLC,44.0
04/27/2019,ATL,-32.0
04/27/2019,DTW,-17.0
04/27/2019,MSP,-22.0
04/27/2019,SLC,-7.0
04/28/2017,ATL,122.0
04/28/2017,DTW,-5.0
04/28/2017,MSP,-11.0
04/28/2017,SLC,-7.0
04/28/2018,ATL,193.0
04/28/2018,DTW,-10.0
04/28/2018,MSP,-12.0
04/28/2018,SLC,-8.0
04/28/2019,ATL,39.0
04/28/2019,DTW,-20.0
04/28/2019,MSP,-13.0
04/28/2019,SLC,19.0
04/29/2017,ATL,95.0
04/29/2017,DTW,-1.0
04/29/2017,MSP,-7.0
04/29/2018,ATL,124.0
04/29/2018,DTW,13.0
04/29/2018,MSP,-9.0
04/29/2018,SLC,29.0
04/29/2019,ATL,-77.0
04/29/2019,DTW,-20.0
04/29/2019,MSP,0.0
04/29/2019,SLC,-6.0
04/30/2017,ATL,86.0
04/30/2017,DTW,-22.0
04/30/2017,MSP,1.0
04/30/2017,SLC,14.0
04/30/2018,ATL,125.0
04/30/2018,DTW,10.0
04/30/2018,MSP,-10.0
04/30/2018,SLC,16.0
04/30/2019,ATL,-4.0
04/30/2019,DTW,-18.0
04/30/2019,MSP,-20.0
04/30/2019,SLC,-5.0
05/01/2017,ATL,680.0
05/01/2017,DTW,38.0
05/01/2017,MSP,72.0
05/01/2017,SLC,75.0
05/01/2018,ATL,92.0
05/01/2018,DTW,-12.0
05/01/2018,MSP,-14.0
05/01/2018,SLC,16.0
05/01/2019,ATL,231.0
05/01/2019,DTW,-20.0
05/01/2019,MSP,-12.0
05/01/2019,SLC,-2.0
05/02/2017,ATL,219.0
05/02/2017,DTW,13.0
05/02/2017,MSP,26.0
05/02/2017,SLC,0.0
05/02/2018,ATL,-10.0
05/02/2018,DTW,-17.0
05/02/2018,MSP,-13.0
05/02/2018,SLC,-3.0
05/02/2019,ATL,16.0
05/02/2019,DTW,-16.0
05/02/2019,MSP,-19.0
05/02/2019,SLC,-3.0
05/03/2017,ATL,262.0
05/03/2017,DTW,60.0
05/03/2017,MSP,-12.0
05/03/2017,SLC,-2.0
05/03/2018,ATL,911.0
05/03/2018,DTW,-12.0
05/03/2018,MSP,-12.0
05/03/2018,SLC,49.0
05/03/2019,ATL,421.0
05/03/2019,DTW,54.0
05/03/2019,MSP,230.0
05/03/2019,SLC,86.0
05/04/2017,ATL,130.0
05/04/2017,DTW,-15.0
05/04/2017,MSP,-15.0
05/04/2017,SLC,3.0
05/04/2018,ATL,130.0
05/04/2018,DTW,-9.0
05/04/2018,MSP,27.0
05/04/2018,SLC,58.0
05/04/2019,ATL,19.0
05/04/2019,DTW,-6.0
05/04/2019,MSP,23.0
05/04/2019,SLC,-6.0
05/05/2017,ATL,130.0
05/05/2017,DTW,-18.0
05/05/2017,MSP,-18.0
05/05/2017,SLC,-2.0
05/05/2018,ATL,-41.0
05/05/2018,DTW,-4.0
05/05/2018,MSP,-9.0
05/05/2018,SLC,-5.0
05/05/2019,ATL,33.0
05/05/2019,DTW,4.0
05/05/2019,MSP,-13.0
05/05/2019,SLC,-5.0
05/06/2017,ATL,103.0
05/06/2017,DTW,172.0
05/06/2017,MSP,-9.0
05/06/2018,ATL,-60.0
05/06/2018,DTW,-8.0
05/06/2018,MSP,-3.0
05/06/2018,SLC,-8.0
05/06/2019,ATL,-21.0
05/06/2019,DTW,265.0
05/06/2019,MSP,-8.0
05/06/2019,SLC,-3.0
05/07/2017,ATL,173.0
05/07/2017,DTW,103.0
05/07/2017,MSP,241.0
05/07/2017,SLC,77.0
05/07/2018,ATL,-46.0
05/07/2018,DTW,-15.0
05/07/2018,MSP,-17.0
05/07/2018,SLC,-1.0
05/07/2019,ATL,348.0
05/07/2019,DTW,130.0
05/07/2019,MSP,-20.0
05/07/2019,SLC,-11.0
05/08/2017,ATL,191.0
05/08/2017,DTW,26.0
05/08/2017,MSP,15.0
05/08/2017,SLC,41.0
05/08/2018,ATL,-57.0
05/08/2018,DTW,-15.0
05/08/2018,MSP,-18.0
05/08/2018,SLC,-4.0
05/08/2019,ATL,242.0
05/08/2019,DTW,-19.0
05/08/2019,MSP,-4.0
05/08/2019,SLC,-1.0
05/09/2017,ATL,316.0
05/09/2017,DTW,38.0
05/09/2017,MSP,32.0
05/09/2017,SLC,-2.0
05/09/2018,ATL,-58.0
05/09/2018,DTW,-16.0
05/09/2018,MSP,-12.0
05/09/2018,SLC,-7.0
05/09/2019,ATL,176.0
05/09/2019,DTW,-20.0
05/09/2019,MSP,-11.0
05/09/2019,SLC,-3.0
05/10/2017,ATL,-29.0
05/10/2017,DTW,-25.0
05/10/2017,MSP,-26.0
05/10/2017,SLC,-4.0
05/10/2018,ATL,1140.0
05/10/2018,DTW,-10.0
05/10/2018,MSP,-10.0
05/10/2018,SLC,32.0
05/10/2019,ATL,28.0
05/10/2019,DTW,-1.0
05/10/2019,MSP,90.0
05/10/2019,SLC,-6.0
05/11/2017,ATL,532.0
05/11/2017,DTW,11.0
05/11/2017,MSP,-19.0
05/11/2017,SLC,-2.0
05/11/2018,ATL,-41.0
05/11/2018,DTW,-9.0
05/11/2018,MSP,-11.0
05/11/2018,SLC,-1.0
05/11/2019,ATL,-35.0
05/11/2019,DTW,-13.0
05/11/2019,MSP,-21.0
05/11/2019,SLC,-7.0
05/12/2017,ATL,60.0
05/12/2017,DTW,-17.0
05/12/2017,MSP,35.0
05/12/2017,SLC,-4.0
05/12/2018,ATL,90.0
05/12/2018,DTW,-15.0
05/12/2018,MSP,-11.0
05/12/2018,SLC,-2.0
05/12/2019,ATL,207.0
05/12/2019,DTW,-9.0
05/12/2019,MSP,21.0
05/12/2019,SLC,22.0
05/13/2017,ATL,146.0
05/13/2017,DTW,-10.0
05/13/2017,MSP,-8.0
05/13/2018,ATL,70.0
05/13/2018,DTW,-2.0
05/13/2018,MSP,-2.0
05/13/2018,SLC,34.0
05/13/2019,ATL,586.0
05/13/2019,DTW,-3.0
05/13/2019,MSP,54.0
05/13/2019,SLC,45.0
05/14/2017,ATL,169.0
05/14/2017,DTW,-10.0
05/14/2017,MSP,-13.0
05/14/2017,SLC,-4.0
05/14/2018,ATL,-43.0
05/14/2018,DTW,-14.0
05/14/2018,MSP,-13.0
05/14/2018,SLC,-6.0
05/14/2019,ATL,196.0
05/14/2019,DTW,-27.0
05/14/2019,MSP,273.0
05/14/2019,SLC,13.0
05/15/2017,ATL,273.0
05/15/2017,DTW,59.0
05/15/2017,MSP,44.0
05/15/2017,SLC,48.0
05/15/2018,ATL,1431.0
05/15/2018,DTW,-15.0
05/15/2018,MSP,-7.0
05/15/2018,SLC,115.0
05/15/2019,ATL,18.0
05/15/2019,DTW,375.0
05/15/2019,MSP,-4.0
05/15/2019,SLC,3.0
05/16/2017,ATL,134.0
05/16/2017,DTW,17.0
05/16/2017,MSP,-28.0
05/16/2017,SLC,10.0
05/16/2018,ATL,294.0
05/16/2018,DTW,-9.0
05/16/2018,MSP,-4.0
05/16/2018,SLC,15.0
05/16/2019,ATL,13.0
05/16/2019,DTW,-21.0
05/16/2019,MSP,-14.0
05/16/2019,SLC,5.0
05/17/2017,ATL,150.0
05/17/2017,DTW,7.0
05/17/2017,MSP,45.0
05/17/2017,SLC,24.0
05/17/2018,ATL,184.0
05/17/2018,DTW,-11.0
05/17/2018,MSP,-9.0
05/17/2018,SLC,44.0
05/17/2019,ATL,30.0
05/17/2019,DTW,-23.0
05/17/2019,MSP,19.0
05/17/2019,SLC,-3.0
05/18/2017,ATL,278.0
05/18/2017,DTW,-13.0
05/18/2017,MSP,-7.0
05/18/2017,SLC,37.0
05/18/2018,ATL,150.0
05/18/2018,DTW,-14.0
05/18/2018,MSP,-13.0
05/18/2018,SLC,-3.0
05/18/2019,ATL,18.0
05/18/2019,DTW,-15.0
05/18/2019,MSP,97.0
05/18/2019,SLC,8.0
05/19/2017,ATL,624.0
05/19/2017,DTW,80.0
05/19/2017,MSP,17.0
05/19/2017,SLC,77.0
05/19/2018,ATL,-37.0
05/19/2018,DTW,1.0
05/19/2018,MSP,-9.0
05/19/2018,SLC,24.0
05/19/2019,ATL,292.0
05/19/2019,DTW,325.0
05/19/2019,MSP,39.0
05/19/2019,SLC,-3.0
05/20/2017,ATL,-5.0
05/20/2017,DTW,-15.0
05/20/2017,MSP,-15.0
05/20/2018,ATL,33.0
05/20/2018,DTW,-7.0
05/20/2018,MSP,-2.0
05/20/2018,SLC,-4.0
05/20/2019,ATL,467.0
05/20/2019,DTW,10.0
05/20/2019,MSP,62.0
05/20/2019,SLC,45.0
05/21/2017,ATL,451.0
05/21/2017,DTW,53.0
05/21/2017,MSP,18.0
05/21/2017,SLC,-6.0
05/21/2018,ATL,-50.0
05/21/2018,DTW,-11.0
05/21/2018,MSP,-5.0
05/21/2018,SLC,-6.0
05/21/2019,ATL,-24.0
05/21/2019,DTW,-17.0
05/21/2019,MSP,34.0
05/21/2019,SLC,-1.0
05/22/2017,ATL,717.0
05/22/2017,DTW,52.0
05/22/2017,MSP,153.0
05/22/2017,SLC,110.0
05/22/2018,ATL,388.0
05/22/2018,DTW,-17.0
05/22/2018,MSP,-10.0
05/22/2018,SLC,35.0
05/22/2019,ATL,-9.0
05/22/2019,DTW,-17.0
05/22/2019,MSP,-14.0
05/22/2019,SLC,0.0
05/23/2017,ATL,212.0
05/23/2017,DTW,7.0
05/23/2017,MSP,-14.0
05/23/2017,SLC,1.0
05/23/2018,ATL,534.0
05/23/2018,DTW,-14.0
05/23/2018,MSP,-7.0
05/23/2018,SLC,7.0
05/23/2019,ATL,1017.0
05/23/2019,DTW,283.0
05/23/2019,MSP,261.0
05/23/2019,SLC,74.0
05/24/2017,ATL,448.0
05/24/2017,DTW,24.0
05/24/2017,MSP,30.0
05/24/2017,SLC,-3.0
05/24/2018,ATL,27.0
05/24/2018,DTW,-13.0
05/24/2018,MSP,-12.0
05/24/2018,SLC,-1.0
05/24/2019,ATL,387.0
05/24/2019,DTW,-2.0
05/24/2019,MSP,81.0
05/24/2019,SLC,39.0
05/25/2017,ATL,809.0
05/25/2017,DTW,86.0
05/25/2017,MSP,301.0
05/25/2017,SLC,0.0
05/25/2018,ATL,48.0
05/25/2018,DTW,-19.0
05/25/2018,MSP,-9.0
05/25/2018,SLC,20.0
05/25/2019,ATL,-4.0
05/25/2019,DTW,-16.0
05/25/2019,MSP,-22.0
05/26/2017,ATL,157.0
05/26/2017,DTW,9.0
05/26/2017,MSP,108.0
05/26/2017,SLC,7.0
05/26/2018,ATL,1046.0
05/26/2018,DTW,-5.0
05/26/2018,MSP,-6.0
05/26/2019,ATL,-32.0
05/26/2019,DTW,-8.0
05/26/2019,MSP,-11.0
05/27/2017,ATL,-9.0
05/27/2017,DTW,-12.0
05/27/2017,MSP,-9.0
05/27/2018,ATL,34.0
05/27/2018,DTW,-6.0
05/27/2018,MSP,-7.0
05/27/2019,ATL,-25.0
05/27/2019,DTW,-7.0
05/27/2019,MSP,-10.0
05/27/2019,SLC,-3.0
05/28/2017,ATL,44.0
05/28/2017,DTW,-21.0
05/28/2017,MSP,-3.0
05/28/2017,SLC,-6.0
05/28/2018,ATL,-84.0
05/28/2018,DTW,-8.0
05/28/2018,MSP,-30.0
05/28/2018,SLC,-1.0
05/28/2019,ATL,396.0
05/28/2019,DTW,207.0
05/28/2019,MSP,7.0
05/28/2019,SLC,40.0
05/29/2017,ATL,185.0
05/29/2017,DTW,36.0
05/29/2017,MSP,-5.0
05/29/2017,SLC,22.0
05/29/2018,ATL,29.0
05/29/2018,DTW,-10.0
05/29/2018,MSP,-5.0
05/29/2018,SLC,-2.0
05/29/2019,ATL,915.0
05/29/2019,DTW,649.0
05/29/2019,MSP,51.0
05/29/2019,SLC,233.0
05/30/2017,ATL,877.0
05/30/2017,DTW,188.0
05/30/2017,MSP,169.0
05/30/2017,SLC,80.0
05/30/2018,ATL,238.0
05/30/2018,DTW,-14.0
05/30/2018,MSP,-5.0
05/30/2018,SLC,26.0
05/30/2019,ATL,985.0
05/30/2019,DTW,533.0
05/30/2019,MSP,279.0
05/30/2019,SLC,89.0
05/31/2017,ATL,240.0
05/31/2017,DTW,50.0
05/31/2017,MSP,17.0
05/31/2017,SLC,-3.0
05/31/2018,ATL,453.0
05/31/2018,DTW,-14.0
05/31/2018,MSP,-3.0
05/31/2018,SLC,77.0
05/31/2019,ATL,223.0
05/31/2019,DTW,75.0
05/31/2019,MSP,12.0
05/31/2019,SLC,5.0
06/01/2017,ATL,30.0
06/01/2017,DTW,17.0
06/01/2017,MSP,-13.0
06/01/2017,SLC,5.0
06/01/2018,ATL,887.0
06/01/2018,DTW,-11.0
06/01/2018,MSP,-13.0
06/01/2018,SLC,19.0
06/01/2019,ATL,-18.0
06/01/2019,DTW,16.0
06/01/2019,MSP,-16.0
06/01/2019,SLC,0.0
06/02/2017,ATL,164.0
06/02/2017,DTW,82.0
06/02/2017,MSP,20.0
06/02/2017,SLC,0.0
06/02/2018,ATL,-30.0
06/02/2018,DTW,-9.0
06/02/2018,MSP,-10.0
06/02/2018,SLC,-1.0
06/02/2019,ATL,594.0
06/02/2019,DTW,106.0
06/02/2019,MSP,129.0
06/02/2019,SLC,126.0
06/03/2017,ATL,-13.0
06/03/2017,DTW,-14.0
06/03/2017,MSP,-8.0
06/03/2018,ATL,-31.0
06/03/2018,DTW,-10.0
06/03/2018,MSP,-4.0
06/03/2018,SLC,52.0
06/03/2019,ATL,94.0
06/03/2019,DTW,-2.0
06/03/2019,MSP,40.0
06/03/2019,SLC,-1.0
06/04/2017,ATL,194.0
06/04/2017,DTW,-13.0
06/04/2017,MSP,-8.0
06/04/2017,SLC,-3.0
06/04/2018,ATL,249.0
06/04/2018,DTW,-16.0
06/04/2018,MSP,38.0
06/04/2018,SLC,-2.0
06/04/2019,ATL,-17.0
06/04/2019,DTW,283.0
06/04/2019,MSP,12.0
06/04/2019,SLC,-3.0
06/05/2017,ATL,2.0
06/05/2017,DTW,36.0
06/05/2017,MSP,841.0
06/05/2017,SLC,-5.0
06/05/2018,ATL,145.0
06/05/2018,DTW,-16.0
06/05/2018,MSP,-8.0
06/05/2018,SLC,21.0
06/05/2019,ATL,209.0
06/05/2019,DTW,111.0
06/05/2019,MSP,96.0
06/05/2019,SLC,7.0
06/06/2017,ATL,217.0
06/06/2017,DTW,37.0
06/06/2017,MSP,24.0
06/06/2017,SLC,3.0
06/06/2018,ATL,-49.0
06/06/2018,DTW,-18.0
06/06/2018,MSP,-14.0
06/06/2018,SLC,-2.0
06/06/2019,ATL,27.0
06/06/2019,DTW,-20.0
06/06/2019,MSP,14.0
06/06/2019,SLC,-3.0
06/07/2017,ATL,-63.0
06/07/2017,DTW,-1.0
06/07/2017,MSP,-7.0
06/07/2017,SLC,-2.0
06/07/2018,ATL,3.0
06/07/2018,DTW,678.0
06/07/2018,MSP,-14.0
06/07/2018,SLC,-4.0
06/07/2019,ATL,870.0
06/07/2019,DTW,34.0
06/07/2019,MSP,5.0
06/07/2019,SLC,-2.0
06/08/2017,ATL,70.0
06/08/2017,DTW,20.0
06/08/2017,MSP,22.0
06/08/2017,SLC,-1.0
06/08/2018,ATL,-41.0
06/08/2018,MSP,-18.0
06/08/2018,SLC,-11.0
06/08/2019,ATL,1209.0
06/08/2019,DTW,8.0
06/08/2019,MSP,33.0
06/08/2019,SLC,-2.0
06/09/2017,ATL,311.0
06/09/2017,DTW,63.0
06/09/2017,MSP,6.0
06/09/2017,SLC,73.0
06/09/2018,ATL,-41.0
06/09/2018,MSP,-2.0
06/09/2018,SLC,74.0
06/09/2019,ATL,451.0
06/09/2019,DTW,4.0
06/09/2019,SLC,-2.0
06/10/2017,ATL,-28.0
06/10/2017,DTW,-14.0
06/10/2017,MSP,1.0
06/10/2018,ATL,143.0
06/10/2018,DTW,-4.0
06/10/2018,MSP,17.0
06/10/2018,SLC,26.0
06/10/2019,ATL,850.0
06/10/2019,DTW,75.0
06/10/2019,SLC,0.0
06/11/2017,ATL,252.0
06/11/2017,DTW,22.0
06/11/2017,MSP,-12.0
06/11/2017,SLC,-2.0
06/11/2018,ATL,220.0
06/11/2018,MSP,-17.0
06/11/2018,SLC,38.0
06/11/2019,ATL,61.0
06/11/2019,DTW,179.0
06/11/2019,SLC,-5.0
06/12/2017,ATL,28.0
06/12/2017,DTW,-11.0
06/12/2017,MSP,-8.0
06/12/2017,SLC,-2.0
06/12/2018,ATL,6.0
06/12/2018,MSP,-10.0
06/12/2018,SLC,-3.0
06/12/2019,ATL,-54.0
06/12/2019,DTW,3.0
06/12/2019,SLC,4.0
06/13/2017,ATL,153.0
06/13/2017,DTW,-8.0
06/13/2017,MSP,337.0
06/13/2018,ATL,339.0
06/13/2018,MSP,39.0
06/13/2018,SLC,52.0
06/13/2019,ATL,92.0
06/13/2019,DTW,741.0
06/13/2019,SLC,-4.0
06/14/2017,ATL,237.0
06/14/2017,DTW,-3.0
06/14/2017,MSP,170.0
06/14/2017,SLC,37.0
06/14/2018,ATL,322.0
06/14/2018,MSP,25.0
06/14/2018,SLC,20.0
06/14/2019,ATL,250.0
06/14/2019,DTW,45.0
06/14/2019,SLC,-6.0
06/15/2017,ATL,293.0
06/15/2017,DTW,-4.0
06/15/2017,MSP,94.0
06/15/2017,SLC,-4.0
06/15/2018,ATL,225.0
06/15/2018,MSP,869.0
06/15/2018,SLC,16.0
06/15/2019,ATL,1342.0
06/15/2019,DTW,1.0
06/15/2019,SLC,-4.0
06/16/2017,ATL,351.0
06/16/2017,DTW,-8.0
06/16/2017,MSP,21.0
06/16/2017,SLC,-4.0
06/16/2018,ATL,-2.0
06/16/2018,MSP,-16.0
06/16/2018,SLC,-1.0
06/16/2019,ATL,340.0
06/16/2019,DTW,16.0
06/16/2019,SLC,25.0
06/17/2017,ATL,102.0
06/17/2017,MSP,-9.0
06/17/2017,SLC,-4.0
06/17/2018,ATL,3.0
06/17/2018,DTW,-6.0
06/17/2018,MSP,-11.0
06/17/2018,SLC,3.0
06/17/2019,ATL,-23.0
06/17/2019,DTW,0.0
06/17/2019,SLC,-7.0
06/18/2017,ATL,130.0
06/18/2017,DTW,40.0
06/18/2017,MSP,86.0
06/18/2017,SLC,33.0
06/18/2018,ATL,163.0
06/18/2018,MSP,9.0
06/18/2018,SLC,20.0
06/18/2019,ATL,1250.0
06/18/2019,DTW,169.0
06/18/2019,SLC,153.0
06/19/2017,ATL,1506.0
06/19/2017,DTW,-3.0
06/19/2017,MSP,102.0
06/19/2017,SLC,290.0
06/19/2018,ATL,844.0
06/19/2018,MSP,21.0
06/19/2018,SLC,138.0
06/19/2019,ATL,406.0
06/19/2019,DTW,468.0
06/19/2019,SLC,89.0
06/20/2017,ATL,-16.0
06/20/2017,DTW,104.0
06/20/2017,MSP,-13.0
06/20/2017,SLC,-5.0
06/20/2018,ATL,-43.0
06/20/2018,MSP,-16.0
06/20/2018,SLC,-1.0
06/20/2019,ATL,1266.0
06/20/2019,DTW,152.0
06/20/2019,SLC,140.0
06/21/2017,ATL,154.0
06/21/2017,DTW,-5.0
06/21/2017,MSP,34.0
06/21/2017,SLC,-5.0
06/21/2018,ATL,109.0
06/21/2018,MSP,-11.0
06/21/2018,SLC,14.0
06/21/2019,ATL,312.0
06/21/2019,DTW,117.0
06/21/2019,SLC,31.0
06/22/2017,ATL,193.0
06/22/2017,DTW,-11.0
06/22/2017,MSP,-11.0
06/22/2017,SLC,-7.0
06/22/2018,ATL,106.0
06/22/2018,MSP,-19.0
06/22/2018,SLC,-16.0
06/22/2019,ATL,-29.0
06/22/2019,DTW,0.0
06/22/2019,SLC,-5.0
06/23/2017,ATL,375.0
06/23/2017,DTW,-7.0
06/23/2017,MSP,99.0
06/23/2017,SLC,-13.0
06/23/2018,ATL,59.0
06/23/2018,MSP,89.0
06/23/2018,SLC,-3.0
06/23/2019,ATL,489.0
06/23/2019,DTW,8.0
06/23/2019,SLC,-8.0
06/24/2017,ATL,129.0
06/24/2017,MSP,-11.0
06/24/2017,SLC,-5.0
06/24/2018,ATL,2406.0
06/24/2018,DTW,-4.0
06/24/2018,MSP,23.0
06/24/2018,SLC,172.0
06/24/2019,ATL,60.0
06/24/2019,DTW,-1.0
06/24/2019,SLC,-2.0
06/25/2017,ATL,35.0
06/25/2017,DTW,34.0
06/25/2017,MSP,-9.0
06/25/2017,SLC,-9.0
06/25/2018,ATL,191.0
06/25/2018,MSP,241.0
06/25/2018,SLC,-3.0
06/25/2019,ATL,574.0
06/25/2019,DTW,30.0
06/25/2019,SLC,31.0
06/26/2017,ATL,-40.0
06/26/2017,DTW,-7.0
06/26/2017,MSP,-11.0
06/26/2017,SLC,-12.0
06/26/2018,ATL,230.0
06/26/2018,MSP,266.0
06/26/2018,SLC,7.0
06/26/2019,ATL,-6.0
06/26/2019,DTW,-2.0
06/26/2019,SLC,-1.0
06/27/2017,ATL,33.0
06/27/2017,DTW,-7.0
06/27/2017,MSP,10.0
06/27/2017,SLC,-1.0
06/27/2018,ATL,503.0
06/27/2018,MSP,82.0
06/27/2018,SLC,-3.0
06/27/2019,ATL,-46.0
06/27/2019,DTW,18.0
06/27/2019,SLC,-4.0
06/28/2017,ATL,94.0
06/28/2017,DTW,-3.0
06/28/2017,MSP,56.0
06/28/2017,SLC,-2.0
06/28/2018,ATL,911.0
06/28/2018,DTW,121.0
06/28/2018,MSP,98.0
06/28/2018,SLC,70.0
06/28/2019,ATL,-43.0
06/28/2019,DTW,62.0
06/28/2019,SLC,-5.0
06/29/2017,ATL,34.0
06/29/2017,DTW,-8.0
06/29/2017,MSP,45.0
06/29/2017,SLC,-10.0
06/29/2018,ATL,334.0
06/29/2018,DTW,38.0
06/29/2018,MSP,-9.0
06/29/2018,SLC,42.0
06/29/2019,ATL,1497.0
06/29/2019,DTW,-1.0
06/29/2019,SLC,-4.0
06/30/2017,ATL,349.0
06/30/2017,DTW,-3.0
06/30/2017,MSP,239.0
06/30/2017,SLC,8.0
06/30/2018,ATL,147.0
06/30/2018,DTW,-4.0
06/30/2018,MSP,-13.0
06/30/2018,SLC,-3.0
06/30/2019,ATL,353.0
06/30/2019,DTW,72.0
06/30/2019,SLC,-6.0
07/01/2017,ATL,230.0
07/01/2017,DTW,-3.0
07/01/2017,MSP,-5.0
07/01/2017,SLC,-5.0
07/01/2018,ATL,-24.0
07/01/2018,DTW,-8.0
07/01/2018,MSP,-9.0
07/01/2018,SLC,-2.0
07/01/2019,ATL,-25.0
07/01/2019,DTW,23.0
07/01/2019,MSP,-9.0
07/01/2019,SLC,-1.0
07/02/2017,ATL,240.0
07/02/2017,MSP,-5.0
07/02/2017,SLC,-4.0
07/02/2018,ATL,283.0
07/02/2018,DTW,41.0
07/02/2018,MSP,-11.0
07/02/2018,SLC,-5.0
07/02/2019,ATL,44.0
07/02/2019,DTW,-5.0
07/02/2019,MSP,-6.0
07/02/2019,SLC,-3.0
07/03/2017,ATL,-10.0
07/03/2017,MSP,-3.0
07/03/2017,SLC,-3.0
07/03/2018,ATL,754.0
07/03/2018,DTW,190.0
07/03/2018,MSP,0.0
07/03/2018,SLC,-5.0
07/03/2019,ATL,-8.0
07/03/2019,DTW,-7.0
07/03/2019,MSP,-8.0
07/03/2019,SLC,-5.0
07/04/2017,ATL,20.0
07/04/2017,DTW,-13.0
07/04/2017,MSP,-12.0
07/04/2017,SLC,-5.0
07/04/2018,ATL,229.0
07/04/2018,DTW,109.0
07/04/2018,MSP,-6.0
07/04/2018,SLC,-1.0
07/04/2019,ATL,-54.0
07/04/2019,DTW,-15.0
07/04/2019,MSP,-2.0
07/04/2019,SLC,-6.0
07/05/2017,ATL,13.0
07/05/2017,MSP,-6.0
07/05/2017,SLC,-11.0
07/05/2018,ATL,184.0
07/05/2018,DTW,-12.0
07/05/2018,MSP,3.0
07/05/2018,SLC,32.0
07/05/2019,ATL,-9.0
07/05/2019,DTW,-13.0
07/05/2019,MSP,-6.0
07/05/2019,SLC,-8.0
07/06/2017,ATL,24.0
07/06/2017,MSP,-13.0
07/06/2017,SLC,-6.0
07/06/2018,ATL,234.0
07/06/2018,DTW,14.0
07/06/2018,MSP,53.0
07/06/2018,SLC,19.0
07/06/2019,ATL,2851.0
07/06/2019,DTW,-2.0
07/06/2019,MSP,-6.0
07/06/2019,SLC,-4.0
07/07/2017,ATL,43.0
07/07/2017,MSP,-13.0
07/07/2017,SLC,-4.0
07/07/2018,ATL,-44.0
07/07/2018,DTW,-12.0
07/07/2018,MSP,-10.0
07/07/2018,SLC,-2.0
07/07/2019,ATL,664.0
07/07/2019,DTW,131.0
07/07/2019,MSP,-6.0
07/07/2019,SLC,18.0
07/08/2017,ATL,15.0
07/08/2017,DTW,-7.0
07/08/2017,SLC,0.0
07/08/2018,ATL,48.0
07/08/2018,DTW,18.0
07/08/2018,MSP,-16.0
07/08/2018,SLC,-2.0
07/08/2019,ATL,181.0
07/08/2019,DTW,58.0
07/08/2019,SLC,-7.0
07/09/2017,ATL,113.0
07/09/2017,MSP,-7.0
07/09/2017,SLC,-6.0
07/09/2018,ATL,0.0
07/09/2018,DTW,-5.0
07/09/2018,MSP,-11.0
07/09/2018,SLC,-10.0
07/09/2019,ATL,35.0
07/09/2019,DTW,-9.0
07/09/2019,SLC,81.0
07/10/2017,ATL,312.0
07/10/2017,DTW,-5.0
07/10/2017,MSP,-13.0
07/10/2017,SLC,0.0
07/10/2018,ATL,20.0
07/10/2018,DTW,20.0
07/10/2018,MSP,11.0
07/10/2018,SLC,364.0
07/10/2019,ATL,32.0
07/10/2019,DTW,-11.0
07/10/2019,SLC,-3.0
07/11/2017,ATL,256.0
07/11/2017,DTW,-8.0
07/11/2017,MSP,11.0
07/11/2017,SLC,-4.0
07/11/2018,ATL,-58.0
07/11/2018,DTW,0.0
07/11/2018,MSP,-14.0
07/11/2018,SLC,239.0
07/11/2019,ATL,1523.0
07/11/2019,DTW,580.0
07/11/2019,SLC,414.0
07/12/2017,ATL,646.0
07/12/2017,DTW,-7.0
07/12/2017,MSP,-4.0
07/12/2017,SLC,79.0
07/12/2018,ATL,19.0
07/12/2018,DTW,-5.0
07/12/2018,MSP,-12.0
07/12/2018,SLC,-8.0
07/12/2019,ATL,373.0
07/12/2019,DTW,13.0
07/12/2019,SLC,18.0
07/13/2017,ATL,704.0
07/13/2017,DTW,-4.0
07/13/2017,MSP,-15.0
07/13/2017,SLC,75.0
07/13/2018,ATL,70.0
07/13/2018,DTW,-3.0
07/13/2018,MSP,123.0
07/13/2018,SLC,-13.0
07/13/2019,ATL,-43.0
07/13/2019,DTW,-2.0
07/13/2019,MSP,-2.0
07/13/2019,SLC,-3.0
07/14/2017,ATL,1364.0
07/14/2017,DTW,9.0
07/14/2017,MSP,176.0
07/14/2017,SLC,285.0
07/14/2018,ATL,-21.0
07/14/2018,MSP,-4.0
07/14/2018,SLC,-6.0
07/14/2019,ATL,-37.0
07/14/2019,DTW,-1.0
07/14/2019,MSP,-5.0
07/14/2019,SLC,-14.0
07/15/2017,ATL,143.0
07/15/2017,DTW,0.0
07/15/2017,SLC,-4.0
07/15/2018,ATL,1478.0
07/15/2018,DTW,22.0
07/15/2018,MSP,138.0
07/15/2018,SLC,211.0
07/15/2019,ATL,-4.0
07/15/2019,DTW,86.0
07/15/2019,MSP,-7.0
07/15/2019,SLC,-6.0
07/16/2017,ATL,61.0
07/16/2017,MSP,-10.0
07/16/2017,SLC,-6.0
07/16/2018,ATL,1062.0
07/16/2018,DTW,92.0
07/16/2018,MSP,192.0
07/16/2018,SLC,0.0
07/16/2019,ATL,124.0
07/16/2019,DTW,-2.0
07/16/2019,MSP,0.0
07/16/2019,SLC,-8.0
07/17/2017,ATL,699.0
07/17/2017,DTW,-5.0
07/17/2017,MSP,247.0
07/17/2017,SLC,2.0
07/17/2018,ATL,1430.0
07/17/2018,DTW,196.0
07/17/2018,MSP,222.0
07/17/2018,SLC,25.0
07/17/2019,ATL,1179.0
07/17/2019,DTW,-7.0
07/17/2019,MSP,0.0
07/17/2019,SLC,14.0
07/18/2017,ATL,58.0
07/18/2017,DTW,-5.0
07/18/2017,MSP,0.0
07/18/2017,SLC,57.0
07/18/2018,ATL,214.0
07/18/2018,DTW,29.0
07/18/2018,MSP,284.0
07/18/2018,SLC,0.0
07/18/2019,ATL,889.0
07/18/2019,DTW,86.0
07/18/2019,MSP,348.0
07/18/2019,SLC,57.0
07/19/2017,ATL,70.0
07/19/2017,DTW,-1.0
07/19/2017,MSP,30.0
07/19/2017,SLC,-7.0
07/19/2018,ATL,-26.0
07/19/2018,DTW,40.0
07/19/2018,MSP,-13.0
07/19/2018,SLC,22.0
07/19/2019,ATL,1047.0
07/19/2019,DTW,145.0
07/19/2019,MSP,-5.0
07/19/2019,SLC,10.0
07/20/2017,ATL,89.0
07/20/2017,DTW,0.0
07/20/2017,MSP,54.0
07/20/2017,SLC,-8.0
07/20/2018,ATL,110.0
07/20/2018,DTW,3.0
07/20/2018,MSP,-12.0
07/20/2018,SLC,123.0
07/20/2019,ATL,229.0
07/20/2019,DTW,-5.0
07/20/2019,MSP,-5.0
07/20/2019,SLC,-4.0
07/21/2017,ATL,514.0
07/21/2017,DTW,-6.0
07/21/2017,MSP,-16.0
07/21/2017,SLC,-8.0
07/21/2018,ATL,52.0
07/21/2018,MSP,-7.0
07/21/2018,SLC,-3.0
07/21/2019,ATL,865.0
07/21/2019,DTW,-10.0
07/21/2019,MSP,-7.0
07/21/2019,SLC,-12.0
07/22/2017,ATL,332.0
07/22/2017,DTW,1.0
07/22/2017,SLC,-12.0
07/22/2018,ATL,433.0
07/22/2018,DTW,973.0
07/22/2018,MSP,-9.0
07/22/2018,SLC,25.0
07/22/2019,ATL,1379.0
07/22/2019,DTW,406.0
07/22/2019,MSP,-2.0
07/22/2019,SLC,348.0
07/23/2017,ATL,710.0
07/23/2017,MSP,170.0
07/23/2017,SLC,-7.0
07/23/2018,ATL,825.0
07/23/2018,DTW,149.0
07/23/2018,MSP,128.0
07/23/2018,SLC,203.0
07/23/2019,ATL,196.0
07/23/2019,DTW,210.0
07/23/2019,MSP,-2.0
07/23/2019,SLC,233.0
07/24/2017,ATL,941.0
07/24/2017,DTW,0.0
07/24/2017,MSP,100.0
07/24/2017,SLC,15.0
07/24/2018,ATL,1160.0
07/24/2018,DTW,221.0
07/24/2018,MSP,166.0
07/24/2018,SLC,148.0
07/24/2019,ATL,378.0
07/24/2019,DTW,-13.0
07/24/2019,MSP,-8.0
07/24/2019,SLC,9.0
07/25/2017,ATL,85.0
07/25/2017,DTW,-5.0
07/25/2017,MSP,23.0
07/25/2017,SLC,-1.0
07/25/2018,ATL,146.0
07/25/2018,DTW,74.0
07/25/2018,MSP,-15.0
07/25/2018,SLC,74.0
07/25/2019,ATL,98.0
07/25/2019,DTW,43.0
07/25/2019,MSP,-2.0
07/25/2019,SLC,-6.0
07/26/2017,ATL,-40.0
07/26/2017,DTW,-6.0
07/26/2017,MSP,10.0
07/26/2017,SLC,-4.0
07/26/2018,ATL,131.0
07/26/2018,DTW,-2.0
07/26/2018,MSP,56.0
07/26/2018,SLC,-17.0
07/26/2019,ATL,1.0
07/26/2019,DTW,2.0
07/26/2019,MSP,-5.0
07/26/2019,SLC,-2.0
07/27/2017,ATL,-51.0
07/27/2017,DTW,-3.0
07/27/2017,MSP,-8.0
07/27/2017,SLC,-1.0
07/27/2018,ATL,1633.0
07/27/2018,DTW,336.0
07/27/2018,MSP,346.0
07/27/2018,SLC,422.0
07/27/2019,ATL,-43.0
07/27/2019,DTW,-2.0
07/27/2019,MSP,-5.0
07/27/2019,SLC,-2.0
07/28/2017,ATL,446.0
07/28/2017,DTW,-7.0
07/28/2017,MSP,96.0
07/28/2017,SLC,-11.0
07/28/2018,ATL,51.0
07/28/2018,MSP,5.0
07/28/2018,SLC,0.0
07/28/2019,ATL,-29.0
07/28/2019,DTW,218.0
07/28/2019,MSP,-8.0
07/28/2019,SLC,-6.0
07/29/2017,ATL,53.0
07/29/2017,DTW,0.0
07/29/2017,SLC,-7.0
07/29/2018,ATL,125.0
07/29/2018,DTW,79.0
07/29/2018,MSP,-17.0
07/29/2018,SLC,-7.0
07/29/2019,ATL,40.0
07/29/2019,DTW,3.0
07/29/2019,MSP,-2.0
07/29/2019,SLC,11.0
07/30/2017,ATL,-15.0
07/30/2017,MSP,-9.0
07/30/2017,SLC,-12.0
07/30/2018,ATL,269.0
07/30/2018,DTW,78.0
07/30/2018,MSP,51.0
07/30/2018,SLC,44.0
07/30/2019,ATL,436.0
07/30/2019,DTW,558.0
07/30/2019,MSP,-3.0
07/30/2019,SLC,91.0
07/31/2017,ATL,-71.0
07/31/2017,DTW,-7.0
07/31/2017,MSP,-4.0
07/31/2017,SLC,33.0
07/31/2018,ATL,585.0
07/31/2018,DTW,11.0
07/31/2018,MSP,-15.0
07/31/2018,SLC,0.0
07/31/2019,ATL,1417.0
07/31/2019,DTW,487.0
07/31/2019,MSP,2.0
07/31/2019,SLC,98.0
08/01/2017,ATL,227.0
08/01/2017,DTW,-8.0
08/01/2017,MSP,-12.0
08/01/2017,SLC,-3.0
08/01/2018,ATL,411.0
08/01/2018,DTW,7.0
08/01/2018,MSP,55.0
08/01/2018,SLC,45.0
08/01/2019,ATL,-32.0
08/01/2019,DTW,52.0
08/01/2019,MSP,0.0
08/01/2019,SLC,23.0
08/02/2017,ATL,526.0
08/02/2017,DTW,-9.0
08/02/2017,MSP,-10.0
08/02/2017,SLC,40.0
08/02/2018,ATL,953.0
08/02/2018,DTW,317.0
08/02/2018,MSP,275.0
08/02/2018,SLC,106.0
08/02/2019,ATL,176.0
08/02/2019,DTW,-3.0
08/02/2019,MSP,-8.0
08/02/2019,SLC,20.0
08/03/2017,ATL,130.0
08/03/2017,DTW,-1.0
08/03/2017,MSP,-3.0
08/03/2017,SLC,-10.0
08/03/2018,ATL,2033.0
08/03/2018,DTW,0.0
08/03/2018,MSP,458.0
08/03/2018,SLC,51.0
08/03/2019,ATL,-43.0
08/03/2019,DTW,2.0
08/03/2019,MSP,3.0
08/03/2019,SLC,-2.0
08/04/2017,ATL,295.0
08/04/2017,DTW,-7.0
08/04/2017,MSP,67.0
08/04/2017,SLC,132.0
08/04/2018,ATL,110.0
08/04/2018,MSP,0.0
08/04/2018,SLC,-3.0
08/04/2019,ATL,80.0
08/04/2019,DTW,-9.0
08/04/2019,MSP,-3.0
08/04/2019,SLC,-10.0
08/05/2017,ATL,98.0
08/05/2017,DTW,-2.0
08/05/2017,SLC,8.0
08/05/2018,ATL,40.0
08/05/2018,DTW,-3.0
08/05/2018,MSP,-4.0
08/05/2018,SLC,4.0
08/05/2019,ATL,189.0
08/05/2019,DTW,-9.0
08/05/2019,MSP,3.0
08/05/2019,SLC,-3.0
08/06/2017,ATL,106.0
08/06/2017,MSP,22.0
08/06/2017,SLC,-1.0
08/06/2018,ATL,19.0
08/06/2018,DTW,-3.0
08/06/2018,MSP,-13.0
08/06/2018,SLC,-9.0
08/06/2019,ATL,850.0
08/06/2019,DTW,412.0
08/06/2019,MSP,26.0
08/06/2019,SLC,191.0
08/07/2017,ATL,441.0
08/07/2017,DTW,-4.0
08/07/2017,MSP,-16.0
08/07/2017,SLC,24.0
08/07/2018,ATL,1033.0
08/07/2018,DTW,256.0
08/07/2018,MSP,70.0
08/07/2018,SLC,77.0
08/07/2019,ATL,1873.0
08/07/2019,DTW,-1.0
08/07/2019,MSP,-1.0
08/07/2019,SLC,315.0
08/08/2017,ATL,264.0
08/08/2017,DTW,-1.0
08/08/2017,MSP,-21.0
08/08/2017,SLC,-6.0
08/08/2018,ATL,645.0
08/08/2018,DTW,163.0
08/08/2018,MSP,11.0
08/08/2018,SLC,202.0
08/08/2019,ATL,1239.0
08/08/2019,DTW,0.0
08/08/2019,MSP,754.0
08/08/2019,SLC,-2.0
08/09/2017,ATL,-33.0
08/09/2017,DTW,-6.0
08/09/2017,MSP,18.0
08/09/2017,SLC,27.0
08/09/2018,ATL,1090.0
08/09/2018,DTW,33.0
08/09/2018,MSP,33.0
08/09/2018,SLC,23.0
08/09/2019,ATL,266.0
08/09/2019,DTW,124.0
08/09/2019,MSP,-10.0
08/09/2019,SLC,-5.0
08/10/2017,ATL,-64.0
08/10/2017,DTW,-8.0
08/10/2017,MSP,-5.0
08/10/2017,SLC,-10.0
08/10/2018,ATL,271.0
08/10/2018,DTW,-3.0
08/10/2018,MSP,-9.0
08/10/2018,SLC,-6.0
08/10/2019,ATL,-11.0
08/10/2019,DTW,-7.0
08/10/2019,MSP,-5.0
08/10/2019,SLC,-4.0
08/11/2017,ATL,219.0
08/11/2017,DTW,-3.0
08/11/2017,MSP,-8.0
08/11/2017,SLC,-8.0
08/11/2018,ATL,1230.0
08/11/2018,MSP,36.0
08/11/2018,SLC,-4.0
08/11/2019,ATL,-21.0
08/11/2019,DTW,-6.0
08/11/2019,MSP,-7.0
08/11/2019,SLC,-3.0
08/12/2017,ATL,59.0
08/12/2017,DTW,-4.0
08/12/2017,SLC,-3.0
08/12/2018,ATL,49.0
08/12/2018,DTW,53.0
08/12/2018,MSP,-11.0
08/12/2018,SLC,282.0
08/12/2019,ATL,242.0
08/12/2019,DTW,-7.0
08/12/2019,MSP,-6.0
08/12/2019,SLC,-10.0
08/13/2017,ATL,246.0
08/13/2017,MSP,59.0
08/13/2017,SLC,6.0
08/13/2018,ATL,1152.0
08/13/2018,DTW,165.0
08/13/2018,MSP,-10.0
08/13/2018,SLC,104.0
08/13/2019,ATL,226.0
08/13/2019,DTW,-4.0
08/13/2019,MSP,-1.0
08/13/2019,SLC,-10.0
08/14/2017,ATL,102.0
08/14/2017,DTW,248.0
08/14/2017,MSP,-17.0
08/14/2017,SLC,-12.0
08/14/2018,ATL,1301.0
08/14/2018,DTW,258.0
08/14/2018,MSP,379.0
08/14/2018,SLC,339.0
08/14/2019,ATL,280.0
08/14/2019,DTW,139.0
08/14/2019,MSP,-8.0
08/14/2019,SLC,13.0
08/15/2017,ATL,44.0
08/15/2017,DTW,-6.0
08/15/2017,MSP,129.0
08/15/2017,SLC,35.0
08/15/2018,ATL,115.0
08/15/2018,DTW,42.0
08/15/2018,MSP,-15.0
08/15/2018,SLC,2.0
08/15/2019,ATL,571.0
08/15/2019,DTW,-1.0
08/15/2019,MSP,-5.0
08/15/2019,SLC,-2.0
08/16/2017,ATL,12.0
08/16/2017,DTW,-7.0
08/16/2017,MSP,-10.0
08/16/2017,SLC,-3.0
08/16/2018,ATL,88.0
08/16/2018,DTW,84.0
08/16/2018,MSP,2.0
08/16/2018,SLC,7.0
08/16/2019,ATL,410.0
08/16/2019,DTW,-8.0
08/16/2019,MSP,-6.0
08/16/2019,SLC,29.0
08/17/2017,ATL,28.0
08/17/2017,DTW,-12.0
08/17/2017,MSP,-16.0
08/17/2017,SLC,22.0
08/17/2018,ATL,285.0
08/17/2018,DTW,-3.0
08/17/2018,MSP,-14.0
08/17/2018,SLC,16.0
08/17/2019,ATL,-4.0
08/17/2019,DTW,-11.0
08/17/2019,MSP,-2.0
08/17/2019,SLC,-7.0
08/18/2017,ATL,910.0
08/18/2017,DTW,-3.0
08/18/2017,MSP,-6.0
08/18/2017,SLC,180.0
08/18/2018,ATL,-40.0
08/18/2018,DTW,1.0
08/18/2018,MSP,-11.0
08/18/2018,SLC,-1.0
08/18/2019,ATL,1390.0
08/18/2019,DTW,15.0
08/18/2019,SLC,-5.0
08/19/2017,ATL,-25.0
08/19/2017,DTW,108.0
08/19/2017,MSP,-11.0
08/19/2017,SLC,-4.0
08/19/2018,ATL,159.0
08/19/2018,DTW,17.0
08/19/2018,MSP,36.0
08/19/2018,SLC,35.0
08/19/2019,ATL,1198.0
08/19/2019,DTW,22.0
08/19/2019,MSP,-4.0
08/19/2019,SLC,-10.0
08/20/2017,ATL,9.0
08/20/2017,DTW,-16.0
08/20/2017,MSP,-7.0
08/20/2017,SLC,0.0
08/20/2018,ATL,17.0
08/20/2018,DTW,-2.0
08/20/2018,MSP,-25.0
08/20/2018,SLC,-4.0
08/20/2019,ATL,887.0
08/20/2019,DTW,247.0
08/20/2019,MSP,-2.0
08/20/2019,SLC,-6.0
08/21/2017,ATL,174.0
08/21/2017,DTW,-15.0
08/21/2017,MSP,50.0
08/21/2017,SLC,76.0
08/21/2018,ATL,108.0
08/21/2018,DTW,51.0
08/21/2018,MSP,-5.0
08/21/2018,SLC,33.0
08/21/2019,ATL,962.0
08/21/2019,DTW,445.0
08/21/2019,MSP,-1.0
08/21/2019,SLC,22.0
08/22/2017,ATL,267.0
08/22/2017,DTW,-5.0
08/22/2017,MSP,-21.0
08/22/2017,SLC,57.0
08/22/2018,ATL,-24.0
08/22/2018,DTW,-16.0
08/22/2018,MSP,-5.0
08/22/2018,SLC,22.0
08/22/2019,ATL,527.0
08/22/2019,DTW,1.0
08/22/2019,MSP,188.0
08/22/2019,SLC,-4.0
08/23/2017,ATL,65.0
08/23/2017,DTW,10.0
08/23/2017,MSP,-9.0
08/23/2017,SLC,16.0
08/23/2018,ATL,114.0
08/23/2018,DTW,-9.0
08/23/2018,MSP,-14.0
08/23/2018,SLC,-3.0
08/23/2019,ATL,69.0
08/23/2019,DTW,5.0
08/23/2019,MSP,562.0
08/23/2019,SLC,-7.0
08/24/2017,ATL,-3.0
08/24/2017,DTW,-9.0
08/24/2017,MSP,-11.0
08/24/2017,SLC,-7.0
08/24/2018,ATL,-1.0
08/24/2018,DTW,-9.0
08/24/2018,MSP,-15.0
08/24/2018,SLC,-6.0
08/24/2019,ATL,260.0
08/24/2019,DTW,-13.0
08/24/2019,MSP,-7.0
08/25/2017,ATL,22.0
08/25/2017,DTW,-11.0
08/25/2017,MSP,-15.0
08/25/2017,SLC,-11.0
08/25/2018,ATL,-47.0
08/25/2018,DTW,-7.0
08/25/2018,MSP,-23.0
08/25/2018,SLC,-8.0
08/25/2019,ATL,-58.0
08/25/2019,DTW,72.0
08/25/2019,SLC,-3.0
08/26/2017,ATL,-36.0
08/26/2017,DTW,-11.0
08/26/2017,MSP,-11.0
08/26/2018,ATL,-60.0
08/26/2018,DTW,28.0
08/26/2018,MSP,-3.0
08/26/2018,SLC,-2.0
08/26/2019,ATL,-24.0
08/26/2019,DTW,-5.0
08/26/2019,MSP,-6.0
08/26/2019,SLC,-8.0
08/27/2017,ATL,-8.0
08/27/2017,DTW,-11.0
08/27/2017,MSP,-4.0
08/27/2017,SLC,-4.0
08/27/2018,ATL,-20.0
08/27/2018,DTW,-11.0
08/27/2018,MSP,70.0
08/27/2018,SLC,32.0
08/27/2019,ATL,2.0
08/27/2019,DTW,-8.0
08/27/2019,MSP,-8.0
08/27/2019,SLC,-7.0
08/28/2017,ATL,20.0
08/28/2017,DTW,-7.0
08/28/2017,MSP,34.0
08/28/2017,SLC,-5.0
08/28/2018,ATL,38.0
08/28/2018,DTW,59.0
08/28/2018,MSP,18.0
08/28/2018,SLC,16.0
08/28/2019,ATL,54.0
08/28/2019,DTW,117.0
08/28/2019,MSP,30.0
08/28/2019,SLC,-7.0
08/29/2017,ATL,143.0
08/29/2017,DTW,67.0
08/29/2017,MSP,55.0
08/29/2017,SLC,22.0
08/29/2018,ATL,-23.0
08/29/2018,DTW,5.0
08/29/2018,MSP,21.0
08/29/2018,SLC,-5.0
08/29/2019,ATL,-9.0
08/29/2019,DTW,-6.0
08/29/2019,MSP,11.0
08/29/2019,SLC,14.0
08/30/2017,ATL,4.0
08/30/2017,DTW,36.0
08/30/2017,MSP,45.0
08/30/2017,SLC,-8.0
08/30/2018,ATL,31.0
08/30/2018,DTW,-10.0
08/30/2018,MSP,-18.0
08/30/2018,SLC,2.0
08/30/2019,ATL,20.0
08/30/2019,DTW,-10.0
08/30/2019,MSP,822.0
08/30/2019,SLC,4.0
08/31/2017,ATL,42.0
08/31/2017,DTW,-16.0
08/31/2017,MSP,-15.0
08/31/2017,SLC,-4.0
08/31/2018,ATL,90.0
08/31/2018,DTW,59.0
08/31/2018,MSP,13.0
08/31/2018,SLC,63.0
08/31/2019,ATL,-33.0
08/31/2019,DTW,-12.0
08/31/2019,MSP,-17.0
09/01/2017,ATL,91.0
09/01/2017,DTW,10.0
09/01/2017,MSP,7.0
09/01/2017,SLC,-2.0
09/01/2018,ATL,-42.0
09/01/2018,DTW,-5.0
09/01/2018,MSP,-9.0
09/01/2019,ATL,-30.0
09/01/2019,DTW,-4.0
09/01/2019,MSP,-8.0
09/02/2017,ATL,-26.0
09/02/2017,DTW,-16.0
09/02/2017,MSP,-14.0
09/02/2018,ATL,-21.0
09/02/2018,DTW,-6.0
09/02/2018,MSP,-11.0
09/02/2019,ATL,1314.0
09/02/2019,DTW,138.0
09/02/2019,MSP,194.0
09/02/2019,SLC,-3.0
09/03/2017,ATL,-27.0
09/03/2017,DTW,-20.0
09/03/2017,MSP,-14.0
09/03/2018,ATL,-35.0
09/03/2018,DTW,55.0
09/03/2018,MSP,6.0
09/03/2018,SLC,-7.0
09/03/2019,ATL,-57.0
09/03/2019,DTW,-12.0
09/03/2019,MSP,-16.0
09/03/2019,SLC,-5.0
09/04/2017,ATL,-20.0
09/04/2017,DTW,-18.0
09/04/2017,MSP,-11.0
09/04/2017,SLC,-9.0
09/04/2018,ATL,-61.0
09/04/2018,DTW,149.0
09/04/2018,MSP,-23.0
09/04/2018,SLC,-5.0
09/04/2019,ATL,424.0
09/04/2019,DTW,78.0
09/04/2019,MSP,235.0
09/04/2019,SLC,109.0
09/05/2017,ATL,570.0
09/05/2017,DTW,253.0
09/05/2017,MSP,256.0
09/05/2017,SLC,308.0
09/05/2018,ATL,-18.0
09/05/2018,DTW,-9.0
09/05/2018,MSP,-17.0
09/05/2018,SLC,-3.0
09/05/2019,ATL,28.0
09/05/2019,DTW,-12.0
09/05/2019,MSP,3.0
09/05/2019,SLC,4.0
09/06/2017,ATL,77.0
09/06/2017,DTW,-17.0
09/06/2017,MSP,-22.0
09/06/2017,SLC,88.0
09/06/2018,ATL,600.0
09/06/2018,DTW,205.0
09/06/2018,MSP,448.0
09/06/2018,SLC,-3.0
09/06/2019,ATL,219.0
09/06/2019,DTW,-4.0
09/06/2019,MSP,79.0
09/06/2019,SLC,27.0
09/07/2017,ATL,52.0
09/07/2017,DTW,10.0
09/07/2017,MSP,46.0
09/07/2017,SLC,8.0
09/07/2018,ATL,-21.0
09/07/2018,DTW,-17.0
09/07/2018,MSP,-16.0
09/07/2018,SLC,-4.0
09/07/2019,ATL,115.0
09/07/2019,DTW,-11.0
09/07/2019,MSP,7.0
09/08/2017,ATL,3.0
09/08/2017,DTW,-9.0
09/08/2017,MSP,7.0
09/08/2017,SLC,10.0
09/08/2018,ATL,-29.0
09/08/2018,DTW,-12.0
09/08/2018,MSP,-18.0
09/08/2019,ATL,181.0
09/08/2019,DTW,91.0
09/08/2019,MSP,10.0
09/08/2019,SLC,-3.0
09/09/2017,ATL,-29.0
09/09/2017,DTW,47.0
09/09/2017,MSP,-3.0
09/09/2018,ATL,330.0
09/09/2018,DTW,-4.0
09/09/2018,MSP,-8.0
09/09/2018,SLC,-7.0
09/09/2019,ATL,-19.0
09/09/2019,DTW,-14.0
09/09/2019,MSP,-10.0
09/09/2019,SLC,-4.0
09/10/2017,ATL,-39.0
09/10/2017,DTW,26.0
09/10/2017,MSP,-8.0
09/10/2017,SLC,-4.0
09/10/2018,ATL,166.0
09/10/2018,DTW,73.0
09/10/2018,MSP,35.0
09/10/2018,SLC,5.0
09/10/2019,ATL,21.0
09/10/2019,DTW,-11.0
09/10/2019,MSP,-2.0
09/10/2019,SLC,-6.0
09/11/2017,ATL,214.0
09/11/2017,DTW,-9.0
09/11/2017,MSP,-25.0
09/11/2017,SLC,-3.0
09/11/2018,ATL,99.0
09/11/2018,DTW,65.0
09/11/2018,MSP,-18.0
09/11/2018,SLC,52.0
09/11/2019,ATL,480.0
09/11/2019,DTW,54.0
09/11/2019,MSP,62.0
09/11/2019,SLC,32.0
09/12/2017,ATL,164.0
09/12/2017,DTW,-4.0
09/12/2017,MSP,-32.0
09/12/2017,SLC,-5.0
09/12/2018,ATL,208.0
09/12/2018,DTW,28.0
09/12/2018,MSP,43.0
09/12/2018,SLC,-5.0
09/12/2019,ATL,180.0
09/12/2019,DTW,-6.0
09/12/2019,MSP,174.0
09/12/2019,SLC,43.0
09/13/2017,ATL,223.0
09/13/2017,DTW,32.0
09/13/2017,MSP,104.0
09/13/2017,SLC,1.0
09/13/2018,ATL,498.0
09/13/2018,DTW,76.0
09/13/2018,MSP,-9.0
09/13/2018,SLC,14.0
09/13/2019,ATL,-32.0
09/13/2019,DTW,-6.0
09/13/2019,MSP,-20.0
09/13/2019,SLC,42.0
09/14/2017,ATL,-56.0
09/14/2017,DTW,6.0
09/14/2017,MSP,7.0
09/14/2017,SLC,-3.0
09/14/2018,ATL,134.0
09/14/2018,DTW,-7.0
09/14/2018,MSP,72.0
09/14/2018,SLC,52.0
09/14/2019,ATL,-45.0
09/14/2019,DTW,161.0
09/14/2019,MSP,-20.0
09/14/2019,SLC,-7.0
09/15/2017,ATL,-20.0
09/15/2017,DTW,-14.0
09/15/2017,MSP,-9.0
09/15/2017,SLC,-4.0
09/15/2018,ATL,-44.0
09/15/2018,DTW,-14.0
09/15/2018,MSP,-12.0
09/15/2018,SLC,-5.0
09/15/2019,ATL,-28.0
09/15/2019,DTW,-11.0
09/15/2019,MSP,-13.0
09/15/2019,SLC,-3.0
09/16/2017,ATL,-29.0
09/16/2017,DTW,-8.0
09/16/2017,MSP,-13.0
09/16/2018,ATL,-43.0
09/16/2018,DTW,22.0
09/16/2018,MSP,-18.0
09/16/2018,SLC,-3.0
09/16/2019,ATL,-39.0
09/16/2019,DTW,-15.0
09/16/2019,MSP,-28.0
09/16/2019,SLC,-5.0
09/17/2017,ATL,1.0
09/17/2017,DTW,32.0
09/17/2017,MSP,40.0
09/17/2017,SLC,-8.0
09/17/2018,ATL,278.0
09/17/2018,DTW,2.0
09/17/2018,MSP,32.0
09/17/2018,SLC,-1.0
09/17/2019,ATL,-47.0
09/17/2019,DTW,-17.0
09/17/2019,MSP,0.0
09/17/2019,SLC,-7.0
09/18/2017,ATL,144.0
09/18/2017,DTW,12.0
09/18/2017,MSP,25.0
09/18/2017,SLC,-4.0
09/18/2018,ATL,711.0
09/18/2018,DTW,215.0
09/18/2018,MSP,212.0
09/18/2018,SLC,3.0
09/18/2019,ATL,736.0
09/18/2019,DTW,-10.0
09/18/2019,MSP,6.0
09/18/2019,SLC,-2.0
09/19/2017,ATL,341.0
09/19/2017,DTW,79.0
09/19/2017,MSP,44.0
09/19/2017,SLC,47.0
09/19/2018,ATL,10.0
09/19/2018,DTW,19.0
09/19/2018,MSP,-21.0
09/19/2018,SLC,3.0
09/19/2019,ATL,-33.0
09/19/2019,DTW,-9.0
09/19/2019,MSP,-15.0
09/19/2019,SLC,-2.0
09/20/2017,ATL,64.0
09/20/2017,DTW,33.0
09/20/2017,MSP,14.0
09/20/2017,SLC,-4.0
09/20/2018,ATL,-44.0
09/20/2018,DTW,-12.0
09/20/2018,MSP,-14.0
09/20/2018,SLC,-3.0
09/20/2019,ATL,222.0
09/20/2019,DTW,-12.0
09/20/2019,MSP,-2.0
09/20/2019,SLC,-8.0
09/21/2017,ATL,98.0
09/21/2017,DTW,17.0
09/21/2017,MSP,91.0
09/21/2017,SLC,81.0
09/21/2018,ATL,80.0
09/21/2018,DTW,59.0
09/21/2018,MSP,-23.0
09/21/2018,SLC,-9.0
09/21/2019,ATL,-17.0
09/21/2019,DTW,-12.0
09/21/2019,MSP,-22.0
09/21/2019,SLC,-3.0
09/22/2017,ATL,124.0
09/22/2017,DTW,-7.0
09/22/2017,MSP,50.0
09/22/2017,SLC,-3.0
09/22/2018,ATL,-30.0
09/22/2018,DTW,-12.0
09/22/2018,MSP,-14.0
09/22/2018,SLC,-6.0
09/22/2019,ATL,-49.0
09/22/2019,DTW,-14.0
09/22/2019,MSP,-14.0
09/22/2019,SLC,-3.0
09/23/2017,ATL,-40.0
09/23/2017,DTW,-1.0
09/23/2017,MSP,-12.0
09/23/2018,ATL,3.0
09/23/2018,DTW,-13.0
09/23/2018,MSP,-14.0
09/23/2018,SLC,-8.0
09/23/2019,ATL,-6.0
09/23/2019,DTW,-5.0
09/23/2019,MSP,-22.0
09/23/2019,SLC,-5.0
09/24/2017,ATL,-1.0
09/24/2017,DTW,-19.0
09/24/2017,MSP,-7.0
09/24/2017,SLC,-7.0
09/24/2018,ATL,-51.0
09/24/2018,DTW,0.0
09/24/2018,MSP,3.0
09/24/2018,SLC,0.0
09/24/2019,ATL,-47.0
09/24/2019,DTW,-11.0
09/24/2019,MSP,-28.0
09/24/2019,SLC,-7.0
09/25/2017,ATL,-34.0
09/25/2017,DTW,10.0
09/25/2017,MSP,-28.0
09/25/2017,SLC,-5.0
09/25/2018,ATL,984.0
09/25/2018,DTW,37.0
09/25/2018,MSP,158.0
09/25/2018,SLC,78.0
09/25/2019,ATL,147.0
09/25/2019,DTW,-8.0
09/25/2019,MSP,-24.0
09/25/2019,SLC,1.0
09/26/2017,ATL,-39.0
09/26/2017,DTW,8.0
09/26/2017,MSP,213.0
09/26/2017,SLC,-5.0
09/26/2018,ATL,320.0
09/26/2018,DTW,57.0
09/26/2018,MSP,18.0
09/26/2018,SLC,21.0
09/26/2019,ATL,160.0
09/26/2019,DTW,95.0
09/26/2019,MSP,41.0
09/26/2019,SLC,-2.0
09/27/2017,ATL,108.0
09/27/2017,DTW,-7.0
09/27/2017,MSP,-14.0
09/27/2017,SLC,-3.0
09/27/2018,ATL,85.0
09/27/2018,DTW,-1.0
09/27/2018,MSP,9.0
09/27/2018,SLC,6.0
09/27/2019,ATL,-41.0
09/27/2019,DTW,-14.0
09/27/2019,MSP,12.0
09/27/2019,SLC,0.0
09/28/2017,ATL,439.0
09/28/2017,DTW,17.0
09/28/2017,MSP,58.0
09/28/2017,SLC,-2.0
09/28/2018,ATL,411.0
09/28/2018,DTW,16.0
09/28/2018,MSP,-19.0
09/28/2018,SLC,-2.0
09/28/2019,ATL,-6.0
09/28/2019,DTW,-9.0
09/28/2019,MSP,-13.0
09/28/2019,SLC,22.0
09/29/2017,ATL,-8.0
09/29/2017,DTW,54.0
09/29/2017,MSP,-18.0
09/29/2017,SLC,0.0
09/29/2018,ATL,-33.0
09/29/2018,DTW,-8.0
09/29/2018,MSP,56.0
09/29/2018,SLC,-7.0
09/29/2019,ATL,742.0
09/29/2019,DTW,-13.0
09/29/2019,MSP,-12.0
09/29/2019,SLC,-6.0
09/30/2017,ATL,36.0
09/30/2017,DTW,-13.0
09/30/2017,MSP,-9.0
09/30/2018,ATL,24.0
09/30/2018,DTW,-22.0
09/30/2018,MSP,-16.0
09/30/2018,SLC,-1.0
09/30/2019,ATL,27.0
09/30/2019,DTW,34.0
09/30/2019,MSP,-20.0
09/30/2019,SLC,-1.0
10/01/2017,ATL,132.0
10/01/2017,DTW,-8.0
10/01/2017,MSP,-3.0
10/01/2017,SLC,102.0
10/01/2018,ATL,-32.0
10/01/2018,DTW,-7.0
10/01/2018,MSP,-1.0
10/01/2018,SLC,-4.0
10/02/2017,ATL,-39.0
10/02/2017,DTW,-17.0
10/02/2017,MSP,-16.0
10/02/2017,SLC,-4.0
10/02/2018,ATL,59.0
10/02/2018,DTW,87.0
10/02/2018,MSP,-13.0
10/02/2018,SLC,39.0
10/03/2017,ATL,62.0
10/03/2017,DTW,-5.0
10/03/2017,MSP,-17.0
10/03/2017,SLC,-2.0
10/03/2018,ATL,-10.0
10/03/2018,DTW,-26.0
10/03/2018,MSP,-13.0
10/03/2018,SLC,-5.0
10/04/2017,ATL,58.0
10/04/2017,DTW,13.0
10/04/2017,MSP,-17.0
10/04/2017,SLC,-3.0
10/04/2018,ATL,205.0
10/04/2018,DTW,-20.0
10/04/2018,MSP,34.0
10/04/2018,SLC,-4.0
10/05/2017,ATL,144.0
10/05/2017,DTW,-15.0
10/05/2017,MSP,-23.0
10/05/2017,SLC,15.0
10/05/2018,ATL,-1.0
10/05/2018,DTW,-1.0
10/05/2018,MSP,-22.0
10/05/2018,SLC,-3.0
10/06/2017,ATL,198.0
10/06/2017,DTW,324.0
10/06/2017,MSP,-14.0
10/06/2017,SLC,-2.0
10/06/2018,ATL,-33.0
10/06/2018,DTW,-14.0
10/06/2018,MSP,-6.0
10/06/2018,SLC,25.0
10/07/2017,ATL,-20.0
10/07/2017,DTW,-1.0
10/07/2017,MSP,-4.0
10/07/2018,ATL,186.0
10/07/2018,DTW,11.0
10/07/2018,MSP,-16.0
10/07/2018,SLC,-6.0
10/08/2017,ATL,347.0
10/08/2017,DTW,495.0
10/08/2017,MSP,-5.0
10/08/2017,SLC,0.0
10/08/2018,ATL,270.0
10/08/2018,DTW,16.0
10/08/2018,MSP,2.0
10/08/2018,SLC,-3.0
10/09/2017,ATL,509.0
10/09/2017,DTW,3.0
10/09/2017,MSP,-11.0
10/09/2017,SLC,20.0
10/09/2018,ATL,58.0
10/09/2018,DTW,21.0
10/09/2018,MSP,-16.0
10/09/2018,SLC,-5.0
10/10/2017,ATL,59.0
10/10/2017,DTW,20.0
10/10/2017,MSP,12.0
10/10/2017,SLC,8.0
10/10/2018,ATL,-52.0
10/10/2018,DTW,-12.0
10/10/2018,MSP,-6.0
10/10/2018,SLC,-14.0
10/11/2017,ATL,-18.0
10/11/2017,DTW,-15.0
10/11/2017,MSP,-25.0
10/11/2017,SLC,-5.0
10/11/2018,ATL,451.0
10/11/2018,DTW,114.0
10/11/2018,MSP,60.0
10/11/2018,SLC,41.0
10/12/2017,ATL,15.0
10/12/2017,DTW,21.0
10/12/2017,MSP,-10.0
10/12/2017,SLC,-8.0
10/12/2018,ATL,84.0
10/12/2018,DTW,7.0
10/12/2018,MSP,40.0
10/12/2018,SLC,-5.0
10/13/2017,ATL,-3.0
10/13/2017,DTW,4.0
10/13/2017,MSP,-20.0
10/13/2017,SLC,-10.0
10/13/2018,ATL,-23.0
10/13/2018,DTW,-17.0
10/13/2018,MSP,-8.0
10/13/2018,SLC,-10.0
10/14/2017,ATL,-20.0
10/14/2017,DTW,-10.0
10/14/2017,MSP,-10.0
10/14/2018,ATL,-53.0
10/14/2018,DTW,-22.0
10/14/2018,MSP,-14.0
10/14/2018,SLC,-3.0
10/15/2017,ATL,243.0
10/15/2017,DTW,337.0
10/15/2017,MSP,-14.0
10/15/2017,SLC,-6.0
10/15/2018,ATL,266.0
10/15/2018,DTW,-12.0
10/15/2018,MSP,7.0
10/15/2018,SLC,-10.0
10/16/2017,ATL,211.0
10/16/2017,DTW,24.0
10/16/2017,MSP,-14.0
10/16/2017,SLC,6.0
10/16/2018,ATL,-21.0
10/16/2018,DTW,-19.0
10/16/2018,MSP,-3.0
10/16/2018,SLC,-6.0
10/17/2017,ATL,-46.0
10/17/2017,DTW,-3.0
10/17/2017,MSP,-20.0
10/17/2017,SLC,-5.0
10/17/2018,ATL,60.0
10/17/2018,DTW,-1.0
10/17/2018,MSP,-7.0
10/17/2018,SLC,-6.0
10/18/2017,ATL,73.0
10/18/2017,DTW,-18.0
10/18/2017,MSP,-24.0
10/18/2017,SLC,-3.0
10/18/2018,ATL,116.0
10/18/2018,DTW,-4.0
10/18/2018,MSP,0.0
10/18/2018,SLC,-3.0
10/19/2017,ATL,141.0
10/19/2017,DTW,-1.0
10/19/2017,MSP,-14.0
10/19/2017,SLC,-10.0
10/19/2018,ATL,41.0
10/19/2018,DTW,0.0
10/19/2018,MSP,-11.0
10/19/2018,SLC,1.0
10/20/2017,ATL,187.0
10/20/2017,DTW,-11.0
10/20/2017,MSP,-18.0
10/20/2017,SLC,-3.0
10/20/2018,ATL,-38.0
10/20/2018,DTW,-9.0
10/20/2018,MSP,-16.0
10/20/2018,SLC,-4.0
10/21/2017,ATL,-9.0
10/21/2017,DTW,-8.0
10/21/2017,MSP,-16.0
10/21/2018,ATL,370.0
10/21/2018,DTW,43.0
10/21/2018,MSP,11.0
10/21/2018,SLC,-2.0
10/22/2017,ATL,-18.0
10/22/2017,DTW,-8.0
10/22/2017,MSP,-11.0
10/22/2017,SLC,10.0
10/22/2018,ATL,-28.0
10/22/2018,DTW,4.0
10/22/2018,MSP,-12.0
10/22/2018,SLC,-8.0
10/23/2017,ATL,68.0
10/23/2017,DTW,-3.0
10/23/2017,MSP,-17.0
10/23/2017,SLC,-3.0
10/23/2018,ATL,67.0
10/23/2018,DTW,5.0
10/23/2018,MSP,-1.0
10/23/2018,SLC,0.0
10/24/2017,ATL,841.0
10/24/2017,DTW,165.0
10/24/2017,MSP,-8.0
10/24/2017,SLC,236.0
10/24/2018,ATL,48.0
10/24/2018,DTW,-12.0
10/24/2018,MSP,-14.0
10/24/2018,SLC,-5.0
10/25/2017,ATL,-41.0
10/25/2017,DTW,-7.0
10/25/2017,MSP,-7.0
10/25/2017,SLC,-3.0
10/25/2018,ATL,346.0
10/25/2018,DTW,15.0
10/25/2018,MSP,-12.0
10/25/2018,SLC,-3.0
10/26/2017,ATL,117.0
10/26/2017,DTW,3.0
10/26/2017,MSP,-25.0
10/26/2017,SLC,-2.0
10/26/2018,ATL,15.0
10/26/2018,DTW,-20.0
10/26/2018,MSP,-20.0
10/26/2018,SLC,-6.0
10/27/2017,ATL,-29.0
10/27/2017,DTW,-7.0
10/27/2017,MSP,9.0
10/27/2017,SLC,-1.0
10/27/2018,ATL,34.0
10/27/2018,DTW,-8.0
10/27/2018,MSP,-19.0
10/27/2018,SLC,70.0
10/28/2017,ATL,-36.0
10/28/2017,DTW,-7.0
10/28/2017,MSP,-10.0
10/28/2018,ATL,425.0
10/28/2018,DTW,-16.0
10/28/2018,MSP,-9.0
10/28/2018,SLC,-1.0
10/29/2017,ATL,949.0
10/29/2017,DTW,183.0
10/29/2017,MSP,-11.0
10/29/2017,SLC,-4.0
10/29/2018,ATL,78.0
10/29/2018,DTW,-13.0
10/29/2018,MSP,-7.0
10/29/2018,SLC,-7.0
10/30/2017,ATL,167.0
10/30/2017,DTW,79.0
10/30/2017,MSP,-15.0
10/30/2017,SLC,-3.0
10/30/2018,ATL,-10.0
10/30/2018,DTW,-10.0
10/30/2018,MSP,-13.0
10/30/2018,SLC,-8.0
10/31/2017,ATL,-56.0
10/31/2017,DTW,-10.0
10/31/2017,MSP,-16.0
10/31/2018,ATL,-41.0
10/31/2018,DTW,-20.0
10/31/2018,MSP,-10.0
11/01/2017,ATL,-67.0
11/01/2017,DTW,-8.0
11/01/2017,MSP,-30.0
11/01/2017,SLC,1.0
11/01/2018,ATL,77.0
11/01/2018,DTW,113.0
11/01/2018,MSP,-13.0
11/01/2018,SLC,-8.0
11/02/2017,ATL,-24.0
11/02/2017,DTW,-8.0
11/02/2017,MSP,-15.0
11/02/2017,SLC,-4.0
11/02/2018,ATL,321.0
11/02/2018,DTW,11.0
11/02/2018,MSP,96.0
11/02/2018,SLC,7.0
11/03/2017,ATL,106.0
11/03/2017,DTW,-14.0
11/03/2017,MSP,-15.0
11/03/2017,SLC,1.0
11/03/2018,ATL,-19.0
11/03/2018,DTW,-16.0
11/03/2018,MSP,-11.0
11/03/2018,SLC,-9.0
11/04/2017,ATL,-28.0
11/04/2017,DTW,-7.0
11/04/2017,MSP,-14.0
11/04/2018,ATL,-54.0
11/04/2018,DTW,-4.0
11/04/2018,MSP,-2.0
11/04/2018,SLC,-7.0
11/05/2017,ATL,44.0
11/05/2017,DTW,77.0
11/05/2017,MSP,-5.0
11/05/2017,SLC,26.0
11/05/2018,ATL,527.0
11/05/2018,DTW,-8.0
11/05/2018,MSP,-14.0
11/05/2018,SLC,19.0
11/06/2017,ATL,214.0
11/06/2017,DTW,-3.0
11/06/2017,MSP,2.0
11/06/2017,SLC,4.0
11/06/2018,ATL,392.0
11/06/2018,DTW,-6.0
11/06/2018,MSP,-9.0
11/06/2018,SLC,21.0
11/07/2017,ATL,111.0
11/07/2017,DTW,37.0
11/07/2017,MSP,-15.0
11/07/2017,SLC,-4.0
11/07/2018,ATL,45.0
11/07/2018,DTW,-8.0
11/07/2018,MSP,-8.0
11/07/2018,SLC,-8.0
11/08/2017,ATL,-44.0
11/08/2017,DTW,7.0
11/08/2017,MSP,-14.0
11/08/2017,SLC,-4.0
11/08/2018,ATL,-8.0
11/08/2018,DTW,-5.0
11/08/2018,MSP,-13.0
11/08/2018,SLC,-1.0
11/09/2017,ATL,-27.0
11/09/2017,DTW,-12.0
11/09/2017,MSP,-15.0
11/09/2017,SLC,-2.0
11/09/2018,ATL,604.0
11/09/2018,DTW,-6.0
11/09/2018,MSP,-12.0
11/09/2018,SLC,27.0
11/10/2017,ATL,187.0
11/10/2017,DTW,0.0
11/10/2017,MSP,409.0
11/10/2017,SLC,-3.0
11/10/2018,ATL,-29.0
11/10/2018,DTW,-4.0
11/10/2018,MSP,-15.0
11/10/2018,SLC,-6.0
11/11/2017,ATL,-21.0
11/11/2017,DTW,-4.0
11/11/2017,MSP,-2.0
11/11/2017,SLC,-4.0
11/11/2018,ATL,-20.0
11/11/2018,DTW,-8.0
11/11/2018,MSP,0.0
11/11/2018,SLC,-6.0
11/12/2017,ATL,-44.0
11/12/2017,DTW,-12.0
11/12/2017,MSP,-5.0
11/12/2017,SLC,-1.0
11/12/2018,ATL,-28.0
11/12/2018,DTW,-7.0
11/12/2018,MSP,-6.0
11/12/2018,SLC,-7.0
11/13/2017,ATL,41.0
11/13/2017,DTW,11.0
11/13/2017,MSP,-8.0
11/13/2017,SLC,3.0
11/13/2018,ATL,171.0
11/13/2018,DTW,-4.0
11/13/2018,MSP,-13.0
11/13/2018,SLC,20.0
11/14/2017,ATL,-11.0
11/14/2017,DTW,-8.0
11/14/2017,MSP,-10.0
11/14/2017,SLC,0.0
11/14/2018,ATL,291.0
11/14/2018,DTW,-4.0
11/14/2018,MSP,-5.0
11/14/2018,SLC,13.0
11/15/2017,ATL,78.0
11/15/2017,DTW,-7.0
11/15/2017,MSP,-20.0
11/15/2017,SLC,-3.0
11/15/2018,ATL,1707.0
11/15/2018,DTW,-6.0
11/15/2018,MSP,4.0
11/15/2018,SLC,394.0
11/16/2017,ATL,180.0
11/16/2017,DTW,7.0
11/16/2017,MSP,-17.0
11/16/2017,SLC,-7.0
11/16/2018,ATL,524.0
11/16/2018,DTW,-2.0
11/16/2018,MSP,1.0
11/16/2018,SLC,25.0
11/17/2017,ATL,250.0
11/17/2017,DTW,94.0
11/17/2017,MSP,-7.0
11/17/2017,SLC,-1.0
11/17/2018,ATL,-25.0
11/17/2018,DTW,0.0
11/17/2018,MSP,-6.0
11/17/2018,SLC,14.0
11/18/2017,ATL,-20.0
11/18/2017,DTW,-7.0
11/18/2017,MSP,-6.0
11/18/2017,SLC,-6.0
11/18/2018,ATL,-45.0
11/18/2018,DTW,-2.0
11/18/2018,MSP,-6.0
11/18/2018,SLC,109.0
11/19/2017,ATL,200.0
11/19/2017,DTW,-6.0
11/19/2017,MSP,-5.0
11/19/2017,SLC,47.0
11/19/2018,ATL,-45.0
11/19/2018,DTW,-8.0
11/19/2018,MSP,19.0
11/19/2018,SLC,-6.0
11/20/2017,ATL,-24.0
11/20/2017,DTW,-7.0
11/20/2017,MSP,-14.0
11/20/2017,SLC,-3.0
11/20/2018,ATL,-14.0
11/20/2018,DTW,-5.0
11/20/2018,MSP,-16.0
11/20/2018,SLC,30.0
11/21/2017,ATL,14.0
11/21/2017,DTW,-14.0
11/21/2017,MSP,-11.0
11/21/2017,SLC,-6.0
11/21/2018,ATL,62.0
11/21/2018,DTW,-7.0
11/21/2018,MSP,-11.0
11/21/2018,SLC,2.0
11/22/2017,ATL,116.0
11/22/2017,DTW,74.0
11/22/2017,MSP,-8.0
11/22/2017,SLC,-1.0
11/22/2018,ATL,-13.0
11/22/2018,DTW,0.0
11/22/2018,MSP,-14.0
11/23/2017,ATL,-27.0
11/23/2017,DTW,-7.0
11/23/2017,MSP,-6.0
11/23/2018,ATL,-42.0
11/23/2018,DTW,-8.0
11/23/2018,MSP,-12.0
11/24/2017,ATL,-15.0
11/24/2017,DTW,-13.0
11/24/2017,MSP,-4.0
11/24/2018,ATL,-13.0
11/24/2018,DTW,-5.0
11/24/2018,MSP,-13.0
11/24/2018,SLC,25.0
11/25/2017,ATL,124.0
11/25/2017,DTW,-13.0
11/25/2017,MSP,-16.0
11/25/2017,SLC,-4.0
11/25/2018,ATL,166.0
11/25/2018,DTW,-6.0
11/25/2018,MSP,-14.0
11/25/2018,SLC,-4.0
11/26/2017,ATL,211.0
11/26/2017,DTW,34.0
11/26/2017,MSP,-7.0
11/26/2017,SLC,-2.0
11/26/2018,ATL,441.0
11/26/2018,DTW,-4.0
11/26/2018,MSP,-14.0
11/26/2018,SLC,77.0
11/27/2017,ATL,163.0
11/27/2017,DTW,14.0
11/27/2017,MSP,-11.0
11/27/2017,SLC,-1.0
11/27/2018,ATL,64.0
11/27/2018,DTW,22.0
11/27/2018,MSP,-12.0
11/27/2018,SLC,41.0
11/28/2017,ATL,-48.0
11/28/2017,DTW,11.0
11/28/2017,MSP,-9.0
11/28/2017,SLC,17.0
11/28/2018,ATL,136.0
11/28/2018,DTW,116.0
11/28/2018,MSP,-14.0
11/28/2018,SLC,31.0
11/29/2017,ATL,53.0
11/29/2017,DTW,36.0
11/29/2017,MSP,-12.0
11/29/2017,SLC,28.0
11/29/2018,ATL,5.0
11/29/2018,DTW,-1.0
11/29/2018,MSP,-11.0
11/29/2018,SLC,4.0
11/30/2017,ATL,-16.0
11/30/2017,DTW,-10.0
11/30/2017,MSP,-8.0
11/30/2017,SLC,-3.0
11/30/2018,ATL,-30.0
11/30/2018,DTW,-4.0
11/30/2018,MSP,-12.0
11/30/2018,SLC,-6.0
12/01/2017,ATL,546.0
12/01/2017,DTW,-5.0
12/01/2017,MSP,-14.0
12/01/2017,SLC,-3.0
12/01/2018,ATL,-16.0
12/01/2018,DTW,-5.0
12/01/2018,MSP,-6.0
12/01/2018,SLC,4.0
12/02/2017,ATL,-27.0
12/02/2017,DTW,-2.0
12/02/2017,MSP,-9.0
12/02/2017,SLC,0.0
12/02/2018,ATL,199.0
12/02/2018,DTW,60.0
12/02/2018,MSP,61.0
12/02/2018,SLC,122.0
12/03/2017,ATL,-39.0
12/03/2017,DTW,-9.0
12/03/2017,MSP,-12.0
12/03/2017,SLC,7.0
12/03/2018,ATL,118.0
12/03/2018,DTW,-16.0
12/03/2018,MSP,-5.0
12/03/2018,SLC,23.0
12/04/2017,ATL,32.0
12/04/2017,DTW,-13.0
12/04/2017,MSP,-8.0
12/04/2017,SLC,28.0
12/04/2018,ATL,19.0
12/04/2018,DTW,-11.0
12/04/2018,MSP,-4.0
12/04/2018,SLC,37.0
12/05/2017,ATL,292.0
12/05/2017,DTW,17.0
12/05/2017,MSP,79.0
12/05/2017,SLC,8.0
12/05/2018,ATL,74.0
12/05/2018,DTW,-13.0
12/05/2018,MSP,-7.0
12/05/2018,SLC,-5.0
12/06/2017,ATL,145.0
12/06/2017,DTW,-18.0
12/06/2017,MSP,4.0
12/06/2017,SLC,14.0
12/06/2018,ATL,66.0
12/06/2018,DTW,1.0
12/06/2018,MSP,-9.0
12/06/2018,SLC,-2.0
12/07/2017,ATL,21.0
12/07/2017,DTW,53.0
12/07/2017,MSP,-15.0
12/07/2017,SLC,3.0
12/07/2018,ATL,-40.0
12/07/2018,DTW,-13.0
12/07/2018,MSP,-10.0
12/07/2018,SLC,24.0
12/08/2017,ATL,484.0
12/08/2017,DTW,-13.0
12/08/2017,MSP,-13.0
12/08/2017,SLC,32.0
12/08/2018,ATL,100.0
12/08/2018,DTW,-6.0
12/08/2018,MSP,-7.0
12/08/2018,SLC,-8.0
12/09/2017,ATL,18.0
12/09/2017,DTW,-4.0
12/09/2017,MSP,-4.0
12/09/2017,SLC,69.0
12/09/2018,ATL,-13.0
12/09/2018,DTW,-12.0
12/09/2018,MSP,-16.0
12/09/2018,SLC,-4.0
12/10/2017,ATL,105.0
12/10/2017,DTW,-3.0
12/10/2017,MSP,-4.0
12/10/2017,SLC,464.0
12/10/2018,ATL,-21.0
12/10/2018,DTW,-12.0
12/10/2018,MSP,-7.0
12/10/2018,SLC,-5.0
12/11/2017,ATL,286.0
12/11/2017,DTW,-11.0
12/11/2017,MSP,14.0
12/11/2017,SLC,16.0
12/11/2018,ATL,-17.0
12/11/2018,DTW,1.0
12/11/2018,MSP,-11.0
12/11/2018,SLC,-4.0
12/12/2017,ATL,201.0
12/12/2017,DTW,53.0
12/12/2017,MSP,39.0
12/12/2017,SLC,36.0
12/12/2018,ATL,38.0
12/12/2018,DTW,-15.0
12/12/2018,MSP,-15.0
12/12/2018,SLC,3.0
12/13/2017,ATL,385.0
12/13/2017,DTW,98.0
12/13/2017,MSP,95.0
12/13/2017,SLC,100.0
12/13/2018,ATL,160.0
12/13/2018,DTW,39.0
12/13/2018,MSP,11.0
12/13/2018,SLC,-3.0
12/14/2017,ATL,612.0
12/14/2017,DTW,25.0
12/14/2017,MSP,-1.0
12/14/2017,SLC,73.0
12/14/2018,ATL,140.0
12/14/2018,DTW,-10.0
12/14/2018,MSP,-8.0
12/14/2018,SLC,-4.0
12/15/2017,ATL,517.0
12/15/2017,DTW,3.0
12/15/2017,MSP,-8.0
12/15/2017,SLC,14.0
12/15/2018,ATL,-39.0
12/15/2018,DTW,-7.0
12/15/2018,MSP,-8.0
12/15/2018,SLC,0.0
12/16/2017,ATL,-7.0
12/16/2017,DTW,0.0
12/16/2017,MSP,7.0
12/16/2017,SLC,-5.0
12/16/2018,ATL,597.0
12/16/2018,DTW,33.0
12/16/2018,MSP,40.0
12/16/2018,SLC,10.0
12/17/2017,ATL,-22.0
12/17/2017,DTW,-6.0
12/17/2017,MSP,9.0
12/17/2017,SLC,6.0
12/17/2018,ATL,157.0
12/17/2018,DTW,-6.0
12/17/2018,MSP,-17.0
12/17/2018,SLC,0.0
12/18/2017,ATL,271.0
12/18/2017,DTW,-13.0
12/18/2017,MSP,63.0
12/18/2017,SLC,-5.0
12/18/2018,ATL,35.0
12/18/2018,DTW,-4.0
12/18/2018,MSP,-11.0
12/18/2018,SLC,-2.0
12/19/2017,ATL,294.0
12/19/2017,DTW,-2.0
12/19/2017,MSP,-11.0
12/19/2017,SLC,-3.0
12/19/2018,ATL,-48.0
12/19/2018,DTW,-7.0
12/19/2018,MSP,-12.0
12/19/2018,SLC,-3.0
12/20/2017,ATL,139.0
12/20/2017,DTW,9.0
12/20/2017,MSP,-6.0
12/20/2017,SLC,57.0
12/20/2018,ATL,338.0
12/20/2018,DTW,-12.0
12/20/2018,MSP,3.0
12/20/2018,SLC,38.0
12/21/2017,ATL,-5.0
12/21/2017,DTW,-5.0
12/21/2017,MSP,-7.0
12/21/2017,SLC,-5.0
12/21/2018,ATL,438.0
12/21/2018,DTW,55.0
12/21/2018,MSP,89.0
12/21/2018,SLC,167.0
12/22/2017,ATL,-9.0
12/22/2017,DTW,0.0
12/22/2017,MSP,-5.0
12/22/2017,SLC,-9.0
12/22/2018,ATL,67.0
12/22/2018,DTW,-4.0
12/22/2018,MSP,-4.0
12/22/2018,SLC,-6.0
12/23/2017,ATL,183.0
12/23/2017,DTW,-2.0
12/23/2017,MSP,-5.0
12/23/2017,SLC,0.0
12/23/2018,ATL,-21.0
12/23/2018,DTW,-8.0
12/23/2018,MSP,-5.0
12/23/2018,SLC,-6.0
12/24/2017,ATL,190.0
12/24/2017,DTW,-7.0
12/24/2017,MSP,-1.0
12/24/2018,ATL,208.0
12/24/2018,DTW,-7.0
12/24/2018,MSP,-4.0
12/24/2018,SLC,0.0
12/25/2017,ATL,-9.0
12/25/2017,DTW,-6.0
12/25/2017,MSP,-6.0
12/25/2017,SLC,131.0
12/25/2018,ATL,-9.0
12/25/2018,DTW,22.0
12/25/2018,MSP,-13.0
12/25/2018,SLC,-8.0
12/26/2017,ATL,0.0
12/26/2017,DTW,-1.0
12/26/2017,MSP,-3.0
12/26/2017,SLC,2.0
12/26/2018,ATL,9.0
12/26/2018,DTW,-4.0
12/26/2018,MSP,-9.0
12/26/2018,SLC,-4.0
12/27/2017,ATL,37.0
12/27/2017,DTW,-4.0
12/27/2017,MSP,-4.0
12/27/2017,SLC,-4.0
12/27/2018,ATL,12.0
12/27/2018,DTW,-5.0
12/27/2018,MSP,-2.0
12/27/2018,SLC,167.0
12/28/2017,ATL,27.0
12/28/2017,DTW,1.0
12/28/2017,MSP,-4.0
12/28/2017,SLC,0.0
12/28/2018,ATL,392.0
12/28/2018,DTW,-5.0
12/28/2018,MSP,-3.0
12/28/2018,SLC,6.0
12/29/2017,ATL,138.0
12/29/2017,DTW,-5.0
12/29/2017,MSP,-4.0
12/29/2017,SLC,-1.0
12/29/2018,ATL,508.0
12/29/2018,DTW,-8.0
12/29/2018,MSP,10.0
12/29/2018,SLC,114.0
12/30/2017,ATL,122.0
12/30/2017,DTW,4.0
12/30/2017,MSP,15.0
12/30/2017,SLC,3.0
12/30/2018,ATL,64.0
12/30/2018,DTW,-7.0
12/30/2018,MSP,-7.0
12/30/2018,SLC,51.0
12/31/2017,ATL,9.0
12/31/2017,DTW,-3.0
12/31/2017,MSP,-2.0
12/31/2017,SLC,-5.0
12/31/2018,ATL,-9.0
12/31/2018,DTW,-8.0
12/31/2018,MSP,-3.0
12/31/2018,SLC,-8.0
