Date (MM/DD/YYYY),Departure delay (Minutes),Delay Carrier (Minutes),Delay Weather (Minutes),Delay National Aviation System (Minutes),Delay Security (Minutes),Delay Late Aircraft Arrival (Minutes),Date
01/01/2017,312.0,252.0,0.0,15.0,0.0,0.0,2017-01-01
01/01/2018,754.0,472.0,0.0,0.0,0.0,111.0,2018-01-01
01/01/2019,80.0,41.0,0.0,147.0,0.0,105.0,2019-01-01
01/02/2017,176.0,147.0,0.0,105.0,0.0,102.0,2017-01-02
01/02/2018,718.0,2.0,0.0,21.0,0.0,617.0,2018-01-02
01/02/2019,98.0,0.0,124.0,70.0,0.0,36.0,2019-01-02
01/03/2017,408.0,116.0,1.0,30.0,0.0,224.0,2017-01-03
01/03/2018,291.0,40.0,0.0,36.0,0.0,89.0,2018-01-03
01/03/2019,-36.0,0.0,0.0,0.0,0.0,0.0,2019-01-03
01/04/2017,320.0,146.0,0.0,28.0,0.0,165.0,2017-01-04
01/04/2018,0.0,5.0,0.0,54.0,0.0,0.0,2018-01-04
01/04/2019,454.0,425.0,0.0,0.0,0.0,0.0,2019-01-04
01/05/2017,172.0,65.0,0.0,90.0,0.0,57.0,2017-01-05
01/05/2018,713.0,172.0,0.0,0.0,0.0,390.0,2018-01-05
01/05/2019,252.0,109.0,0.0,24.0,0.0,58.0,2019-01-05
01/06/2017,297.0,158.0,74.0,247.0,0.0,43.0,2017-01-06
01/06/2018,313.0,52.0,0.0,0.0,0.0,18.0,2018-01-06
01/06/2019,73.0,4.0,0.0,24.0,0.0,25.0,2019-01-06
01/07/2017,399.0,93.0,199.0,322.0,0.0,123.0,2017-01-07
01/07/2018,200.0,15.0,93.0,21.0,0.0,29.0,2018-01-07
01/07/2019,-77.0,3.0,0.0,36.0,0.0,0.0,2019-01-07
01/08/2017,1000.0,576.0,0.0,45.0,0.0,154.0,2017-01-08
01/08/2018,160.0,12.0,0.0,11.0,0.0,106.0,2018-01-08
01/08/2019,-58.0,15.0,0.0,134.0,0.0,0.0,2019-01-08
01/09/2017,407.0,177.0,0.0,32.0,0.0,71.0,2017-01-09
01/09/2018,247.0,218.0,0.0,31.0,0.0,23.0,2018-01-09
01/09/2019,237.0,153.0,0.0,18.0,0.0,44.0,2019-01-09
01/10/2017,35.0,5.0,0.0,73.0,0.0,6.0,2017-01-10
01/10/2018,-77.0,0.0,0.0,22.0,0.0,0.0,2018-01-10
01/10/2019,204.0,24.0,0.0,0.0,0.0,74.0,2019-01-10
01/11/2017,-25.0,0.0,0.0,42.0,0.0,0.0,2017-01-11
01/11/2018,13.0,0.0,35.0,0.0,0.0,0.0,2018-01-11
01/11/2019,67.0,4.0,0.0,47.0,0.0,66.0,2019-01-11
01/12/2017,291.0,164.0,0.0,64.0,0.0,86.0,2017-01-12
01/12/2018,308.0,33.0,0.0,19.0,0.0,269.0,2018-01-12
01/12/2019,270.0,18.0,0.0,18.0,0.0,270.0,2019-01-12
01/13/2017,67.0,0.0,0.0,47.0,0.0,52.0,2017-01-13
01/13/2018,-31.0,0.0,0.0,0.0,0.0,0.0,2018-01-13
01/13/2019,-29.0,0.0,0.0,0.0,0.0,55.0,2019-01-13
01/14/2017,-25.0,13.0,0.0,14.0,0.0,0.0,2017-01-14
01/14/2018,-40.0,0.0,0.0,30.0,0.0,0.0,2018-01-14
01/14/2019,-48.0,0.0,0.0,0.0,0.0,38.0,2019-01-14
01/15/2017,-28.0,5.0,0.0,10.0,0.0,0.0,2017-01-15
01/15/2018,176.0,1.0,0.0,123.0,0.0,67.0,2018-01-15
01/15/2019,71.0,88.0,0.0,2.0,0.0,30.0,2019-01-15
01/16/2017,29.0,25.0,0.0,28.0,0.0,18.0,2017-01-16
01/16/2018,17.0,17.0,0.0,0.0,0.0,0.0,2018-01-16
01/16/2019,-49.0,0.0,0.0,35.0,0.0,0.0,2019-01-16
01/17/2017,107.0,84.0,0.0,0.0,0.0,6.0,2017-01-17
01/17/2018,223.0,0.0,17.0,159.0,0.0,142.0,2018-01-17
01/17/2019,189.0,96.0,0.0,35.0,0.0,55.0,2019-01-17
01/18/2017,-33.0,0.0,0.0,0.0,0.0,0.0,2017-01-18
01/18/2018,58.0,0.0,0.0,0.0,0.0,0.0,2018-01-18
01/18/2019,176.0,14.0,0.0,170.0,0.0,179.0,2019-01-18
01/19/2017,101.0,94.0,0.0,23.0,0.0,24.0,2017-01-19
01/19/2018,27.0,16.0,0.0,0.0,0.0,37.0,2018-01-19
01/19/2019,57.0,3.0,56.0,73.0,0.0,12.0,2019-01-19
01/20/2017,558.0,27.0,0.0,0.0,0.0,498.0,2017-01-20
01/20/2018,-73.0,0.0,0.0,0.0,0.0,0.0,2018-01-20
01/20/2019,212.0,18.0,0.0,33.0,0.0,167.0,2019-01-20
01/21/2017,210.0,64.0,0.0,3.0,0.0,204.0,2017-01-21
01/21/2018,-56.0,0.0,0.0,0.0,0.0,23.0,2018-01-21
01/21/2019,637.0,52.0,0.0,28.0,0.0,556.0,2019-01-21
01/22/2017,124.0,0.0,0.0,36.0,0.0,68.0,2017-01-22
01/22/2018,-54.0,0.0,0.0,0.0,0.0,0.0,2018-01-22
01/22/2019,-64.0,0.0,0.0,0.0,0.0,0.0,2019-01-22
01/23/2017,502.0,66.0,0.0,19.0,0.0,342.0,2017-01-23
01/23/2018,54.0,20.0,0.0,22.0,0.0,121.0,2018-01-23
01/23/2019,286.0,3.0,0.0,137.0,0.0,247.0,2019-01-23
01/24/2017,100.0,50.0,0.0,19.0,0.0,41.0,2017-01-24
01/24/2018,55.0,76.0,40.0,0.0,0.0,0.0,2018-01-24
01/24/2019,748.0,8.0,0.0,45.0,0.0,733.0,2019-01-24
01/25/2017,-98.0,0.0,0.0,18.0,0.0,0.0,2017-01-25
01/25/2018,17.0,23.0,0.0,16.0,0.0,0.0,2018-01-25
01/25/2019,1029.0,440.0,0.0,101.0,0.0,598.0,2019-01-25
01/26/2017,182.0,52.0,0.0,16.0,0.0,122.0,2017-01-26
01/26/2018,-62.0,0.0,0.0,15.0,0.0,0.0,2018-01-26
01/26/2019,16.0,0.0,0.0,0.0,0.0,0.0,2019-01-26
01/27/2017,-46.0,0.0,0.0,8.0,0.0,7.0,2017-01-27
01/27/2018,-2.0,39.0,0.0,0.0,0.0,0.0,2018-01-27
01/27/2019,29.0,28.0,0.0,117.0,0.0,23.0,2019-01-27
01/28/2017,-24.0,23.0,0.0,0.0,0.0,0.0,2017-01-28
01/28/2018,-95.0,4.0,0.0,23.0,0.0,0.0,2018-01-28
01/28/2019,580.0,32.0,153.0,410.0,0.0,0.0,2019-01-28
01/29/2017,694.0,397.0,0.0,17.0,0.0,200.0,2017-01-29
01/29/2018,-49.0,45.0,0.0,3.0,0.0,0.0,2018-01-29
01/29/2019,-22.0,43.0,0.0,24.0,0.0,0.0,2019-01-29
01/30/2017,11.0,0.0,0.0,0.0,0.0,0.0,2017-01-30
01/30/2018,-68.0,0.0,0.0,56.0,0.0,0.0,2018-01-30
01/30/2019,194.0,82.0,0.0,176.0,0.0,144.0,2019-01-30
01/31/2017,515.0,74.0,0.0,56.0,0.0,384.0,2017-01-31
01/31/2018,-108.0,0.0,0.0,0.0,0.0,0.0,2018-01-31
01/31/2019,1225.0,878.0,0.0,15.0,0.0,334.0,2019-01-31
02/01/2017,88.0,37.0,0.0,0.0,0.0,117.0,2017-02-01
02/01/2018,-119.0,0.0,0.0,21.0,0.0,0.0,2018-02-01
02/01/2019,761.0,413.0,0.0,0.0,0.0,368.0,2019-02-01
02/02/2017,-4.0,1.0,0.0,61.0,2.0,8.0,2017-02-02
02/02/2018,201.0,90.0,0.0,112.0,0.0,168.0,2018-02-02
02/02/2019,-65.0,0.0,0.0,0.0,0.0,0.0,2019-02-02
02/03/2017,37.0,23.0,0.0,28.0,0.0,17.0,2017-02-03
02/03/2018,51.0,89.0,0.0,0.0,0.0,0.0,2018-02-03
02/03/2019,-55.0,0.0,0.0,0.0,0.0,0.0,2019-02-03
02/04/2017,-47.0,0.0,0.0,0.0,0.0,0.0,2017-02-04
02/04/2018,126.0,17.0,0.0,107.0,0.0,145.0,2018-02-04
02/04/2019,395.0,118.0,0.0,20.0,0.0,257.0,2019-02-04
02/05/2017,64.0,100.0,0.0,0.0,0.0,0.0,2017-02-05
02/05/2018,200.0,85.0,0.0,0.0,0.0,107.0,2018-02-05
02/05/2019,-34.0,0.0,0.0,0.0,0.0,65.0,2019-02-05
02/06/2017,371.0,137.0,0.0,75.0,0.0,211.0,2017-02-06
02/06/2018,-3.0,38.0,0.0,81.0,0.0,0.0,2018-02-06
02/06/2019,-24.0,1.0,0.0,82.0,0.0,29.0,2019-02-06
02/07/2017,-1.0,0.0,0.0,0.0,0.0,78.0,2017-02-07
02/07/2018,396.0,1.0,0.0,101.0,0.0,395.0,2018-02-07
02/07/2019,257.0,139.0,0.0,150.0,0.0,152.0,2019-02-07
02/08/2017,193.0,71.0,0.0,19.0,0.0,131.0,2017-02-08
02/08/2018,-98.0,0.0,0.0,0.0,0.0,0.0,2018-02-08
02/08/2019,146.0,99.0,0.0,83.0,16.0,59.0,2019-02-08
02/09/2017,293.0,215.0,17.0,193.0,0.0,61.0,2017-02-09
02/09/2018,189.0,0.0,0.0,269.0,0.0,0.0,2018-02-09
02/09/2019,408.0,6.0,0.0,84.0,0.0,442.0,2019-02-09
02/10/2017,875.0,474.0,32.0,60.0,0.0,253.0,2017-02-10
02/10/2018,-63.0,0.0,0.0,54.0,0.0,0.0,2018-02-10
02/10/2019,120.0,0.0,0.0,217.0,0.0,0.0,2019-02-10
02/11/2017,-25.0,0.0,0.0,0.0,0.0,0.0,2017-02-11
02/11/2018,928.0,133.0,0.0,64.0,0.0,748.0,2018-02-11
02/11/2019,10.0,13.0,0.0,27.0,0.0,40.0,2019-02-11
02/12/2017,155.0,0.0,13.0,117.0,0.0,78.0,2017-02-12
02/12/2018,17.0,50.0,0.0,0.0,0.0,0.0,2018-02-12
02/12/2019,112.0,21.0,0.0,194.0,0.0,131.0,2019-02-12
02/13/2017,1264.0,95.0,264.0,225.0,0.0,818.0,2017-02-13
02/13/2018,-19.0,49.0,0.0,23.0,0.0,0.0,2018-02-13
02/13/2019,257.0,42.0,0.0,131.0,0.0,171.0,2019-02-13
02/14/2017,6.0,10.0,0.0,6.0,0.0,0.0,2017-02-14
02/14/2018,-21.0,47.0,0.0,0.0,0.0,0.0,2018-02-14
02/14/2019,4.0,0.0,0.0,5.0,0.0,14.0,2019-02-14
02/15/2017,39.0,0.0,0.0,51.0,0.0,95.0,2017-02-15
02/15/2018,71.0,16.0,0.0,156.0,0.0,76.0,2018-02-15
02/15/2019,77.0,51.0,0.0,126.0,0.0,59.0,2019-02-15
02/16/2017,240.0,0.0,0.0,2.0,0.0,96.0,2017-02-16
02/16/2018,428.0,42.0,0.0,533.0,0.0,57.0,2018-02-16
02/16/2019,12.0,0.0,0.0,0.0,0.0,0.0,2019-02-16
02/17/2017,419.0,124.0,0.0,0.0,0.0,104.0,2017-02-17
02/17/2018,69.0,16.0,0.0,124.0,0.0,125.0,2018-02-17
02/17/2019,127.0,152.0,0.0,104.0,0.0,1.0,2019-02-17
02/18/2017,-37.0,0.0,0.0,0.0,0.0,0.0,2017-02-18
02/18/2018,37.0,12.0,0.0,0.0,0.0,16.0,2018-02-18
02/18/2019,348.0,136.0,0.0,310.0,0.0,198.0,2019-02-18
02/19/2017,-24.0,0.0,0.0,0.0,0.0,0.0,2017-02-19
02/19/2018,-39.0,0.0,0.0,22.0,0.0,25.0,2018-02-19
02/19/2019,24.0,37.0,0.0,181.0,0.0,16.0,2019-02-19
02/20/2017,-27.0,0.0,0.0,0.0,0.0,0.0,2017-02-20
02/20/2018,46.0,0.0,0.0,0.0,0.0,75.0,2018-02-20
02/20/2019,183.0,7.0,201.0,429.0,0.0,20.0,2019-02-20
02/21/2017,-62.0,20.0,0.0,5.0,0.0,0.0,2017-02-21
02/21/2018,587.0,91.0,0.0,2.0,0.0,514.0,2018-02-21
02/21/2019,491.0,172.0,0.0,105.0,0.0,259.0,2019-02-21
02/22/2017,140.0,6.0,0.0,0.0,0.0,167.0,2017-02-22
02/22/2018,134.0,14.0,0.0,19.0,0.0,144.0,2018-02-22
02/22/2019,58.0,69.0,0.0,63.0,0.0,28.0,2019-02-22
02/23/2017,186.0,8.0,0.0,25.0,0.0,122.0,2017-02-23
02/23/2018,231.0,6.0,0.0,8.0,0.0,194.0,2018-02-23
02/23/2019,-74.0,1.0,0.0,90.0,0.0,2.0,2019-02-23
02/24/2017,-12.0,0.0,0.0,0.0,0.0,26.0,2017-02-24
02/24/2018,-4.0,0.0,39.0,46.0,0.0,23.0,2018-02-24
02/24/2019,-51.0,20.0,0.0,88.0,0.0,9.0,2019-02-24
02/25/2017,711.0,0.0,161.0,127.0,0.0,575.0,2017-02-25
02/25/2018,475.0,199.0,0.0,18.0,0.0,233.0,2018-02-25
02/25/2019,341.0,56.0,0.0,75.0,0.0,289.0,2019-02-25
02/26/2017,239.0,206.0,0.0,18.0,0.0,24.0,2017-02-26
02/26/2018,-59.0,0.0,0.0,0.0,0.0,16.0,2018-02-26
02/26/2019,-29.0,0.0,0.0,7.0,0.0,46.0,2019-02-26
02/27/2017,47.0,67.0,0.0,79.0,0.0,22.0,2017-02-27
02/27/2018,-63.0,0.0,0.0,26.0,0.0,17.0,2018-02-27
02/27/2019,-36.0,0.0,0.0,19.0,0.0,0.0,2019-02-27
02/28/2017,-75.0,2.0,0.0,88.0,0.0,25.0,2017-02-28
02/28/2018,-46.0,0.0,0.0,0.0,0.0,0.0,2018-02-28
02/28/2019,245.0,180.0,0.0,205.0,0.0,65.0,2019-02-28
03/01/2017,587.0,17.0,0.0,108.0,0.0,552.0,2017-03-01
03/01/2018,149.0,46.0,0.0,93.0,0.0,128.0,2018-03-01
03/01/2019,53.0,25.0,0.0,254.0,0.0,53.0,2019-03-01
03/02/2017,915.0,417.0,54.0,147.0,0.0,389.0,2017-03-02
03/02/2018,32.0,66.0,0.0,27.0,0.0,0.0,2018-03-02
03/02/2019,422.0,259.0,79.0,393.0,0.0,85.0,2019-03-02
03/03/2017,-19.0,0.0,0.0,7.0,0.0,50.0,2017-03-03
03/03/2018,296.0,257.0,0.0,0.0,0.0,0.0,2018-03-03
03/03/2019,55.0,79.0,0.0,130.0,0.0,55.0,2019-03-03
03/04/2017,100.0,110.0,0.0,3.0,0.0,16.0,2017-03-04
03/04/2018,175.0,60.0,0.0,0.0,0.0,66.0,2018-03-04
03/04/2019,-33.0,17.0,0.0,214.0,0.0,0.0,2019-03-04
03/05/2017,26.0,0.0,0.0,18.0,0.0,25.0,2017-03-05
03/05/2018,141.0,55.0,0.0,49.0,0.0,31.0,2018-03-05
03/05/2019,100.0,97.0,0.0,24.0,0.0,24.0,2019-03-05
03/06/2017,-50.0,0.0,0.0,19.0,0.0,0.0,2017-03-06
03/06/2018,-17.0,4.0,0.0,0.0,0.0,26.0,2018-03-06
03/06/2019,153.0,75.0,0.0,18.0,0.0,52.0,2019-03-06
03/07/2017,-97.0,0.0,0.0,0.0,0.0,0.0,2017-03-07
03/07/2018,119.0,32.0,142.0,40.0,0.0,0.0,2018-03-07
03/07/2019,211.0,186.0,0.0,54.0,0.0,46.0,2019-03-07
03/08/2017,66.0,0.0,0.0,24.0,0.0,30.0,2017-03-08
03/08/2018,362.0,123.0,0.0,7.0,0.0,96.0,2018-03-08
03/08/2019,9.0,0.0,0.0,43.0,0.0,47.0,2019-03-08
03/09/2017,222.0,24.0,0.0,18.0,0.0,153.0,2017-03-09
03/09/2018,251.0,103.0,0.0,17.0,0.0,66.0,2018-03-09
03/09/2019,178.0,13.0,0.0,84.0,0.0,181.0,2019-03-09
03/10/2017,251.0,126.0,23.0,136.0,0.0,0.0,2017-03-10
03/10/2018,11.0,0.0,0.0,0.0,0.0,115.0,2018-03-10
03/10/2019,201.0,133.0,0.0,154.0,0.0,101.0,2019-03-10
03/11/2017,-35.0,0.0,0.0,16.0,0.0,0.0,2017-03-11
03/11/2018,126.0,16.0,0.0,0.0,0.0,94.0,2018-03-11
03/11/2019,-57.0,0.0,0.0,24.0,0.0,0.0,2019-03-11
03/12/2017,447.0,157.0,0.0,102.0,0.0,207.0,2017-03-12
03/12/2018,18.0,0.0,0.0,41.0,0.0,0.0,2018-03-12
03/12/2019,14.0,10.0,0.0,70.0,0.0,18.0,2019-03-12
03/13/2017,171.0,82.0,0.0,165.0,0.0,72.0,2017-03-13
03/13/2018,584.0,72.0,0.0,189.0,0.0,422.0,2018-03-13
03/13/2019,317.0,1.0,0.0,79.0,0.0,315.0,2019-03-13
03/14/2017,0.0,0.0,0.0,0.0,0.0,0.0,2017-03-14
03/14/2018,273.0,0.0,0.0,0.0,0.0,130.0,2018-03-14
03/14/2019,-29.0,0.0,0.0,0.0,0.0,0.0,2019-03-14
03/15/2017,721.0,12.0,41.0,5.0,0.0,512.0,2017-03-15
03/15/2018,36.0,0.0,0.0,0.0,0.0,15.0,2018-03-15
03/15/2019,513.0,8.0,139.0,197.0,0.0,403.0,2019-03-15
03/16/2017,168.0,1.0,0.0,0.0,0.0,39.0,2017-03-16
03/16/2018,276.0,4.0,0.0,5.0,0.0,231.0,2018-03-16
03/16/2019,140.0,189.0,0.0,26.0,0.0,0.0,2019-03-16
03/17/2017,184.0,4.0,0.0,0.0,0.0,126.0,2017-03-17
03/17/2018,358.0,354.0,0.0,0.0,0.0,0.0,2018-03-17
03/17/2019,516.0,323.0,0.0,14.0,9.0,144.0,2019-03-17
03/18/2017,116.0,19.0,0.0,4.0,0.0,37.0,2017-03-18
03/18/2018,266.0,85.0,0.0,20.0,0.0,122.0,2018-03-18
03/18/2019,210.0,0.0,0.0,39.0,0.0,203.0,2019-03-18
03/19/2017,86.0,0.0,0.0,0.0,0.0,36.0,2017-03-19
03/19/2018,-107.0,0.0,0.0,28.0,0.0,0.0,2018-03-19
03/19/2019,-31.0,0.0,0.0,35.0,0.0,17.0,2019-03-19
03/20/2017,188.0,147.0,0.0,0.0,0.0,32.0,2017-03-20
03/20/2018,87.0,8.0,0.0,172.0,0.0,61.0,2018-03-20
03/20/2019,-85.0,0.0,0.0,46.0,0.0,0.0,2019-03-20
03/21/2017,-29.0,0.0,0.0,25.0,0.0,51.0,2017-03-21
03/21/2018,7.0,12.0,8.0,10.0,0.0,0.0,2018-03-21
03/21/2019,319.0,18.0,0.0,0.0,0.0,111.0,2019-03-21
03/22/2017,346.0,25.0,0.0,0.0,0.0,223.0,2017-03-22
03/22/2018,279.0,99.0,0.0,10.0,0.0,91.0,2018-03-22
03/22/2019,150.0,27.0,0.0,0.0,0.0,105.0,2019-03-22
03/23/2017,210.0,14.0,0.0,27.0,0.0,70.0,2017-03-23
03/23/2018,64.0,7.0,0.0,23.0,0.0,14.0,2018-03-23
03/23/2019,-65.0,0.0,0.0,0.0,0.0,0.0,2019-03-23
03/24/2017,155.0,27.0,0.0,22.0,0.0,121.0,2017-03-24
03/24/2018,-85.0,0.0,0.0,27.0,0.0,0.0,2018-03-24
03/24/2019,-7.0,4.0,0.0,20.0,0.0,41.0,2019-03-24
03/25/2017,74.0,77.0,0.0,0.0,0.0,0.0,2017-03-25
03/25/2018,186.0,1.0,0.0,9.0,0.0,194.0,2018-03-25
03/25/2019,-45.0,0.0,0.0,30.0,0.0,28.0,2019-03-25
03/26/2017,112.0,57.0,0.0,8.0,0.0,39.0,2017-03-26
03/26/2018,-104.0,0.0,0.0,0.0,0.0,0.0,2018-03-26
03/26/2019,103.0,74.0,0.0,0.0,0.0,44.0,2019-03-26
03/27/2017,395.0,122.0,0.0,26.0,0.0,190.0,2017-03-27
03/27/2018,7.0,4.0,0.0,19.0,0.0,21.0,2018-03-27
03/27/2019,280.0,282.0,0.0,0.0,0.0,22.0,2019-03-27
03/28/2017,1337.0,88.0,4.0,3.0,0.0,1106.0,2017-03-28
03/28/2018,233.0,16.0,0.0,50.0,0.0,174.0,2018-03-28
03/28/2019,-57.0,0.0,0.0,0.0,0.0,0.0,2019-03-28
03/29/2017,-52.0,0.0,0.0,0.0,0.0,0.0,2017-03-29
03/29/2018,103.0,14.0,0.0,55.0,0.0,137.0,2018-03-29
03/29/2019,207.0,145.0,0.0,18.0,0.0,88.0,2019-03-29
03/30/2017,271.0,17.0,0.0,88.0,0.0,207.0,2017-03-30
03/30/2018,158.0,8.0,0.0,0.0,0.0,160.0,2018-03-30
03/30/2019,-50.0,0.0,0.0,0.0,0.0,0.0,2019-03-30
03/31/2017,880.0,93.0,0.0,261.0,0.0,698.0,2017-03-31
03/31/2018,29.0,69.0,0.0,0.0,0.0,0.0,2018-03-31
03/31/2019,-4.0,4.0,0.0,0.0,0.0,63.0,2019-03-31
04/01/2017,358.0,223.0,0.0,0.0,0.0,0.0,2017-04-01
04/01/2018,242.0,177.0,0.0,91.0,0.0,45.0,2018-04-01
04/01/2019,-10.0,0.0,0.0,0.0,0.0,20.0,2019-04-01
04/02/2017,197.0,12.0,0.0,30.0,0.0,153.0,2017-04-02
04/02/2018,2879.0,363.0,1014.0,439.0,0.0,1399.0,2018-04-02
04/02/2019,-55.0,0.0,0.0,0.0,0.0,19.0,2019-04-02
04/03/2017,-1.0,10.0,0.0,21.0,0.0,0.0,2017-04-03
04/03/2018,366.0,53.0,0.0,203.0,0.0,296.0,2018-04-03
04/03/2019,196.0,0.0,0.0,0.0,0.0,208.0,2019-04-03
04/04/2017,537.0,313.0,0.0,118.0,0.0,239.0,2017-04-04
04/04/2018,1415.0,950.0,62.0,251.0,0.0,430.0,2018-04-04
04/04/2019,441.0,15.0,0.0,94.0,0.0,450.0,2019-04-04
04/05/2017,311.0,78.0,0.0,378.0,0.0,102.0,2017-04-05
04/05/2018,424.0,3.0,0.0,0.0,0.0,370.0,2018-04-05
04/05/2019,62.0,9.0,0.0,31.0,0.0,108.0,2019-04-05
04/06/2017,911.0,184.0,30.0,298.0,0.0,675.0,2017-04-06
04/06/2018,476.0,48.0,0.0,337.0,0.0,327.0,2018-04-06
04/06/2019,-92.0,0.0,0.0,0.0,0.0,0.0,2019-04-06
04/07/2017,518.0,349.0,0.0,0.0,0.0,81.0,2017-04-07
04/07/2018,-8.0,0.0,0.0,0.0,0.0,0.0,2018-04-07
04/07/2019,-64.0,0.0,0.0,0.0,0.0,0.0,2019-04-07
04/08/2017,0.0,0.0,0.0,0.0,0.0,0.0,2017-04-08
04/08/2018,23.0,55.0,0.0,47.0,0.0,0.0,2018-04-08
04/08/2019,409.0,43.0,267.0,46.0,0.0,114.0,2019-04-08
04/09/2017,161.0,121.0,0.0,0.0,0.0,0.0,2017-04-09
04/09/2018,-67.0,0.0,0.0,19.0,0.0,15.0,2018-04-09
04/09/2019,180.0,0.0,18.0,180.0,0.0,218.0,2019-04-09
04/10/2017,58.0,2.0,0.0,135.0,0.0,27.0,2017-04-10
04/10/2018,-82.0,0.0,0.0,15.0,0.0,0.0,2018-04-10
04/10/2019,809.0,848.0,0.0,89.0,0.0,29.0,2019-04-10
04/11/2017,-26.0,2.0,0.0,11.0,0.0,8.0,2017-04-11
04/11/2018,-96.0,0.0,0.0,40.0,0.0,0.0,2018-04-11
04/11/2019,110.0,99.0,0.0,16.0,0.0,48.0,2019-04-11
04/12/2017,93.0,2.0,0.0,8.0,0.0,106.0,2017-04-12
04/12/2018,102.0,0.0,0.0,0.0,0.0,64.0,2018-04-12
04/12/2019,272.0,5.0,0.0,106.0,16.0,275.0,2019-04-12
04/13/2017,122.0,15.0,0.0,53.0,0.0,153.0,2017-04-13
04/13/2018,-52.0,0.0,0.0,65.0,0.0,0.0,2018-04-13
04/13/2019,126.0,0.0,56.0,125.0,0.0,0.0,2019-04-13
04/14/2017,84.0,22.0,0.0,1.0,0.0,40.0,2017-04-14
04/14/2018,94.0,0.0,0.0,0.0,0.0,157.0,2018-04-14
04/14/2019,225.0,4.0,0.0,118.0,0.0,220.0,2019-04-14
04/15/2017,47.0,62.0,0.0,0.0,0.0,0.0,2017-04-15
04/15/2018,354.0,37.0,0.0,47.0,0.0,355.0,2018-04-15
04/15/2019,280.0,43.0,0.0,0.0,0.0,219.0,2019-04-15
04/16/2017,9.0,0.0,0.0,3.0,0.0,24.0,2017-04-16
04/16/2018,629.0,34.0,0.0,320.0,0.0,530.0,2018-04-16
04/16/2019,96.0,31.0,0.0,20.0,0.0,59.0,2019-04-16
04/17/2017,-10.0,0.0,0.0,70.0,0.0,9.0,2017-04-17
04/17/2018,63.0,0.0,0.0,0.0,0.0,52.0,2018-04-17
04/17/2019,32.0,59.0,0.0,2.0,0.0,0.0,2019-04-17
04/18/2017,-24.0,23.0,0.0,0.0,0.0,0.0,2017-04-18
04/18/2018,-12.0,0.0,0.0,0.0,0.0,0.0,2018-04-18
04/18/2019,220.0,0.0,0.0,43.0,0.0,253.0,2019-04-18
04/19/2017,-24.0,11.0,0.0,21.0,0.0,0.0,2017-04-19
04/19/2018,87.0,6.0,0.0,16.0,0.0,82.0,2018-04-19
04/19/2019,100.0,0.0,0.0,0.0,0.0,155.0,2019-04-19
04/20/2017,-59.0,2.0,0.0,334.0,0.0,0.0,2017-04-20
04/20/2018,113.0,44.0,0.0,42.0,0.0,77.0,2018-04-20
04/20/2019,-46.0,0.0,0.0,30.0,0.0,0.0,2019-04-20
04/21/2017,227.0,18.0,0.0,102.0,0.0,225.0,2017-04-21
04/21/2018,-75.0,0.0,0.0,0.0,0.0,0.0,2018-04-21
04/21/2019,-64.0,0.0,0.0,0.0,0.0,0.0,2019-04-21
04/22/2017,38.0,22.0,0.0,0.0,0.0,61.0,2017-04-22
04/22/2018,-43.0,0.0,0.0,0.0,0.0,0.0,2018-04-22
04/22/2019,128.0,31.0,0.0,0.0,0.0,22.0,2019-04-22
04/23/2017,-90.0,0.0,0.0,21.0,0.0,0.0,2017-04-23
04/23/2018,10.0,0.0,0.0,61.0,0.0,105.0,2018-04-23
04/23/2019,-66.0,0.0,0.0,0.0,0.0,0.0,2019-04-23
04/24/2017,439.0,0.0,0.0,13.0,0.0,399.0,2017-04-24
04/24/2018,-21.0,0.0,0.0,44.0,0.0,25.0,2018-04-24
04/24/2019,13.0,0.0,0.0,47.0,0.0,21.0,2019-04-24
04/25/2017,457.0,6.0,0.0,105.0,0.0,429.0,2017-04-25
04/25/2018,487.0,33.0,0.0,99.0,0.0,449.0,2018-04-25
04/25/2019,-41.0,0.0,0.0,22.0,0.0,39.0,2019-04-25
04/26/2017,509.0,134.0,0.0,29.0,0.0,286.0,2017-04-26
04/26/2018,102.0,6.0,0.0,75.0,0.0,77.0,2018-04-26
04/26/2019,958.0,0.0,49.0,110.0,0.0,841.0,2019-04-26
04/27/2017,14.0,0.0,0.0,0.0,0.0,64.0,2017-04-27
04/27/2018,306.0,14.0,21.0,37.0,0.0,203.0,2018-04-27
04/27/2019,-58.0,0.0,0.0,24.0,0.0,23.0,2019-04-27
04/28/2017,258.0,38.0,0.0,58.0,0.0,234.0,2017-04-28
04/28/2018,714.0,328.0,0.0,25.0,0.0,415.0,2018-04-28
04/28/2019,12.0,0.0,0.0,0.0,0.0,77.0,2019-04-28
04/29/2017,-33.0,35.0,0.0,33.0,0.0,10.0,2017-04-29
04/29/2018,172.0,54.0,0.0,0.0,0.0,61.0,2018-04-29
04/29/2019,12.0,0.0,0.0,58.0,0.0,43.0,2019-04-29
04/30/2017,221.0,0.0,0.0,203.0,0.0,105.0,2017-04-30
04/30/2018,277.0,3.0,0.0,0.0,0.0,247.0,2018-04-30
04/30/2019,0.0,39.0,0.0,63.0,0.0,31.0,2019-04-30
05/01/2017,652.0,91.0,0.0,61.0,0.0,584.0,2017-05-01
05/01/2018,75.0,0.0,0.0,0.0,0.0,74.0,2018-05-01
05/01/2019,93.0,74.0,0.0,20.0,0.0,65.0,2019-05-01
05/02/2017,489.0,99.0,0.0,3.0,0.0,425.0,2017-05-02
05/02/2018,26.0,0.0,0.0,143.0,0.0,19.0,2018-05-02
05/02/2019,110.0,89.0,0.0,130.0,0.0,65.0,2019-05-02
05/03/2017,231.0,27.0,0.0,50.0,0.0,213.0,2017-05-03
05/03/2018,624.0,11.0,108.0,218.0,0.0,336.0,2018-05-03
05/03/2019,273.0,26.0,0.0,63.0,0.0,302.0,2019-05-03
05/04/2017,-103.0,0.0,0.0,0.0,0.0,0.0,2017-05-04
05/04/2018,329.0,110.0,0.0,6.0,0.0,166.0,2018-05-04
05/04/2019,104.0,20.0,0.0,44.0,0.0,156.0,2019-05-04
05/05/2017,720.0,36.0,0.0,83.0,0.0,524.0,2017-05-05
05/05/2018,-75.0,0.0,0.0,9.0,0.0,58.0,2018-05-05
05/05/2019,316.0,7.0,0.0,206.0,0.0,342.0,2019-05-05
05/06/2017,291.0,205.0,0.0,10.0,0.0,0.0,2017-05-06
05/06/2018,100.0,28.0,0.0,3.0,0.0,78.0,2018-05-06
05/06/2019,385.0,38.0,0.0,4.0,0.0,363.0,2019-05-06
05/07/2017,109.0,0.0,0.0,8.0,0.0,93.0,2017-05-07
05/07/2018,226.0,25.0,0.0,129.0,0.0,54.0,2018-05-07
05/07/2019,92.0,156.0,0.0,0.0,0.0,29.0,2019-05-07
05/08/2017,159.0,0.0,0.0,0.0,0.0,107.0,2017-05-08
05/08/2018,-94.0,0.0,0.0,24.0,0.0,0.0,2018-05-08
05/08/2019,679.0,7.0,187.0,201.0,0.0,436.0,2019-05-08
05/09/2017,227.0,148.0,0.0,54.0,0.0,61.0,2017-05-09
05/09/2018,138.0,52.0,0.0,203.0,0.0,0.0,2018-05-09
05/09/2019,64.0,19.0,0.0,20.0,0.0,34.0,2019-05-09
05/10/2017,-59.0,0.0,0.0,73.0,0.0,31.0,2017-05-10
05/10/2018,683.0,284.0,187.0,160.0,0.0,218.0,2018-05-10
05/10/2019,186.0,52.0,0.0,21.0,0.0,135.0,2019-05-10
05/11/2017,-25.0,0.0,0.0,100.0,0.0,47.0,2017-05-11
05/11/2018,-51.0,5.0,0.0,27.0,0.0,11.0,2018-05-11
05/11/2019,365.0,4.0,152.0,39.0,0.0,238.0,2019-05-11
05/12/2017,120.0,0.0,0.0,15.0,0.0,142.0,2017-05-12
05/12/2018,-29.0,0.0,0.0,23.0,0.0,16.0,2018-05-12
05/12/2019,282.0,7.0,0.0,23.0,0.0,253.0,2019-05-12
05/13/2017,256.0,144.0,0.0,19.0,0.0,104.0,2017-05-13
05/13/2018,47.0,0.0,0.0,0.0,0.0,97.0,2018-05-13
05/13/2019,414.0,34.0,0.0,99.0,0.0,347.0,2019-05-13
05/14/2017,43.0,4.0,0.0,63.0,0.0,99.0,2017-05-14
05/14/2018,435.0,1.0,74.0,71.0,0.0,204.0,2018-05-14
05/14/2019,75.0,0.0,0.0,16.0,0.0,97.0,2019-05-14
05/15/2017,374.0,99.0,0.0,20.0,0.0,187.0,2017-05-15
05/15/2018,503.0,101.0,43.0,22.0,0.0,337.0,2018-05-15
05/15/2019,98.0,6.0,0.0,28.0,0.0,106.0,2019-05-15
05/16/2017,332.0,99.0,0.0,13.0,0.0,143.0,2017-05-16
05/16/2018,308.0,188.0,0.0,107.0,0.0,60.0,2018-05-16
05/16/2019,219.0,6.0,0.0,15.0,0.0,152.0,2019-05-16
05/17/2017,543.0,4.0,0.0,199.0,0.0,269.0,2017-05-17
05/17/2018,362.0,83.0,0.0,18.0,0.0,244.0,2018-05-17
05/17/2019,296.0,0.0,0.0,15.0,0.0,189.0,2019-05-17
05/18/2017,216.0,76.0,0.0,122.0,0.0,162.0,2017-05-18
05/18/2018,250.0,0.0,0.0,2.0,0.0,289.0,2018-05-18
05/18/2019,265.0,0.0,293.0,262.0,0.0,0.0,2019-05-18
05/19/2017,337.0,82.0,0.0,122.0,0.0,184.0,2017-05-19
05/19/2018,195.0,91.0,0.0,0.0,0.0,106.0,2018-05-19
05/19/2019,548.0,111.0,0.0,148.0,0.0,371.0,2019-05-19
05/20/2017,643.0,593.0,0.0,22.0,0.0,0.0,2017-05-20
05/20/2018,367.0,74.0,0.0,67.0,0.0,302.0,2018-05-20
05/20/2019,481.0,121.0,0.0,163.0,0.0,376.0,2019-05-20
05/21/2017,330.0,5.0,0.0,16.0,0.0,312.0,2017-05-21
05/21/2018,123.0,93.0,0.0,48.0,0.0,46.0,2018-05-21
05/21/2019,233.0,5.0,66.0,187.0,0.0,180.0,2019-05-21
05/22/2017,814.0,153.0,0.0,50.0,0.0,632.0,2017-05-22
05/22/2018,449.0,263.0,0.0,12.0,0.0,152.0,2018-05-22
05/22/2019,176.0,99.0,0.0,19.0,0.0,141.0,2019-05-22
05/23/2017,265.0,20.0,0.0,66.0,0.0,267.0,2017-05-23
05/23/2018,-55.0,0.0,0.0,0.0,0.0,0.0,2018-05-23
05/23/2019,1163.0,84.0,439.0,370.0,0.0,629.0,2019-05-23
05/24/2017,165.0,3.0,75.0,227.0,0.0,100.0,2017-05-24
05/24/2018,-46.0,0.0,0.0,15.0,0.0,0.0,2018-05-24
05/24/2019,33.0,16.0,0.0,71.0,0.0,34.0,2019-05-24
05/25/2017,191.0,17.0,0.0,75.0,0.0,182.0,2017-05-25
05/25/2018,271.0,52.0,0.0,31.0,0.0,142.0,2018-05-25
05/25/2019,-13.0,0.0,0.0,15.0,0.0,0.0,2019-05-25
05/26/2017,246.0,17.0,0.0,59.0,0.0,247.0,2017-05-26
05/26/2018,-68.0,0.0,0.0,39.0,0.0,1.0,2018-05-26
05/26/2019,148.0,20.0,0.0,516.0,0.0,38.0,2019-05-26
05/27/2017,-100.0,0.0,0.0,18.0,0.0,0.0,2017-05-27
05/27/2018,203.0,82.0,0.0,89.0,0.0,166.0,2018-05-27
05/27/2019,95.0,0.0,0.0,110.0,0.0,32.0,2019-05-27
05/28/2017,-135.0,0.0,0.0,15.0,0.0,0.0,2017-05-28
05/28/2018,-143.0,0.0,0.0,0.0,0.0,0.0,2018-05-28
05/28/2019,928.0,3.0,0.0,173.0,0.0,942.0,2019-05-28
05/29/2017,-12.0,4.0,0.0,43.0,0.0,66.0,2017-05-29
05/29/2018,-31.0,3.0,0.0,0.0,0.0,40.0,2018-05-29
05/29/2019,740.0,6.0,23.0,413.0,0.0,612.0,2019-05-29
05/30/2017,511.0,32.0,0.0,39.0,0.0,404.0,2017-05-30
05/30/2018,74.0,0.0,0.0,83.0,0.0,31.0,2018-05-30
05/30/2019,1936.0,5.0,474.0,236.0,0.0,1459.0,2019-05-30
05/31/2017,309.0,2.0,0.0,126.0,0.0,253.0,2017-05-31
05/31/2018,409.0,13.0,0.0,29.0,0.0,418.0,2018-05-31
05/31/2019,420.0,173.0,0.0,76.0,0.0,164.0,2019-05-31
06/01/2017,125.0,16.0,0.0,164.0,0.0,174.0,2017-06-01
06/01/2018,-64.0,0.0,0.0,17.0,0.0,22.0,2018-06-01
06/01/2019,272.0,141.0,0.0,149.0,0.0,26.0,2019-06-01
06/02/2017,259.0,35.0,0.0,167.0,0.0,214.0,2017-06-02
06/02/2018,107.0,87.0,0.0,0.0,0.0,47.0,2018-06-02
06/02/2019,479.0,4.0,108.0,87.0,0.0,343.0,2019-06-02
06/03/2017,39.0,35.0,0.0,27.0,0.0,54.0,2017-06-03
06/03/2018,258.0,44.0,0.0,26.0,0.0,307.0,2018-06-03
06/03/2019,519.0,126.0,0.0,31.0,0.0,354.0,2019-06-03
06/04/2017,-19.0,26.0,0.0,163.0,0.0,31.0,2017-06-04
06/04/2018,426.0,0.0,0.0,124.0,0.0,396.0,2018-06-04
06/04/2019,278.0,74.0,0.0,0.0,0.0,233.0,2019-06-04
06/05/2017,81.0,88.0,0.0,121.0,0.0,86.0,2017-06-05
06/05/2018,-10.0,0.0,0.0,67.0,0.0,80.0,2018-06-05
06/05/2019,488.0,21.0,0.0,260.0,0.0,305.0,2019-06-05
06/06/2017,235.0,17.0,0.0,377.0,0.0,259.0,2017-06-06
06/06/2018,-90.0,0.0,0.0,0.0,0.0,0.0,2018-06-06
06/06/2019,25.0,22.0,0.0,20.0,0.0,51.0,2019-06-06
06/07/2017,64.0,17.0,0.0,180.0,0.0,40.0,2017-06-07
06/07/2018,-29.0,0.0,1.0,61.0,0.0,48.0,2018-06-07
06/07/2019,66.0,0.0,0.0,29.0,0.0,96.0,2019-06-07
06/08/2017,369.0,77.0,0.0,89.0,11.0,286.0,2017-06-08
06/08/2018,255.0,226.0,0.0,43.0,0.0,88.0,2018-06-08
06/08/2019,-17.0,73.0,0.0,0.0,0.0,0.0,2019-06-08
06/09/2017,393.0,3.0,44.0,43.0,0.0,299.0,2017-06-09
06/09/2018,386.0,175.0,206.0,33.0,0.0,53.0,2018-06-09
06/09/2019,30.0,0.0,0.0,0.0,0.0,0.0,2019-06-09
06/10/2017,535.0,79.0,0.0,0.0,0.0,398.0,2017-06-10
06/10/2018,201.0,2.0,0.0,169.0,0.0,52.0,2018-06-10
06/10/2019,544.0,4.0,0.0,314.0,0.0,436.0,2019-06-10
06/11/2017,-3.0,0.0,0.0,30.0,0.0,29.0,2017-06-11
06/11/2018,120.0,77.0,0.0,26.0,0.0,27.0,2018-06-11
06/11/2019,152.0,9.0,0.0,81.0,0.0,71.0,2019-06-11
06/12/2017,-23.0,0.0,0.0,2.0,0.0,24.0,2017-06-12
06/12/2018,-16.0,0.0,0.0,37.0,0.0,51.0,2018-06-12
06/12/2019,201.0,18.0,0.0,155.0,0.0,214.0,2019-06-12
06/13/2017,269.0,12.0,0.0,431.0,0.0,128.0,2017-06-13
06/13/2018,469.0,150.0,0.0,0.0,0.0,214.0,2018-06-13
06/13/2019,981.0,346.0,0.0,123.0,0.0,617.0,2019-06-13
06/14/2017,823.0,192.0,0.0,533.0,0.0,350.0,2017-06-14
06/14/2018,655.0,253.0,0.0,43.0,0.0,308.0,2018-06-14
06/14/2019,135.0,1.0,0.0,41.0,0.0,149.0,2019-06-14
06/15/2017,233.0,106.0,0.0,213.0,0.0,112.0,2017-06-15
06/15/2018,314.0,137.0,0.0,0.0,0.0,83.0,2018-06-15
06/15/2019,1450.0,56.0,0.0,342.0,0.0,1145.0,2019-06-15
06/16/2017,265.0,52.0,0.0,10.0,0.0,235.0,2017-06-16
06/16/2018,149.0,145.0,0.0,0.0,0.0,0.0,2018-06-16
06/16/2019,347.0,11.0,0.0,280.0,0.0,106.0,2019-06-16
06/17/2017,187.0,53.0,0.0,9.0,0.0,100.0,2017-06-17
06/17/2018,-28.0,0.0,0.0,40.0,0.0,0.0,2018-06-17
06/17/2019,18.0,0.0,0.0,61.0,0.0,27.0,2019-06-17
06/18/2017,97.0,0.0,0.0,6.0,0.0,100.0,2017-06-18
06/18/2018,1499.0,8.0,0.0,0.0,0.0,1445.0,2018-06-18
06/18/2019,844.0,248.0,0.0,34.0,0.0,632.0,2019-06-18
06/19/2017,656.0,0.0,205.0,104.0,0.0,147.0,2017-06-19
06/19/2018,916.0,206.0,0.0,148.0,0.0,560.0,2018-06-19
06/19/2019,471.0,193.0,0.0,215.0,0.0,246.0,2019-06-19
06/20/2017,214.0,50.0,0.0,136.0,0.0,81.0,2017-06-20
06/20/2018,101.0,52.0,0.0,193.0,0.0,70.0,2018-06-20
06/20/2019,1028.0,61.0,10.0,582.0,0.0,961.0,2019-06-20
06/21/2017,201.0,0.0,0.0,213.0,0.0,171.0,2017-06-21
06/21/2018,261.0,55.0,0.0,63.0,0.0,203.0,2018-06-21
06/21/2019,499.0,75.0,0.0,30.0,0.0,383.0,2019-06-21
06/22/2017,40.0,80.0,0.0,23.0,0.0,0.0,2017-06-22
06/22/2018,256.0,71.0,0.0,32.0,0.0,142.0,2018-06-22
06/22/2019,234.0,44.0,0.0,86.0,0.0,132.0,2019-06-22
06/23/2017,125.0,0.0,0.0,261.0,0.0,11.0,2017-06-23
06/23/2018,52.0,33.0,0.0,100.0,0.0,43.0,2018-06-23
06/23/2019,353.0,8.0,116.0,25.0,0.0,189.0,2019-06-23
06/24/2017,265.0,47.0,0.0,205.0,43.0,126.0,2017-06-24
06/24/2018,429.0,6.0,0.0,546.0,0.0,87.0,2018-06-24
06/24/2019,194.0,94.0,0.0,241.0,0.0,25.0,2019-06-24
06/25/2017,654.0,58.0,0.0,58.0,0.0,616.0,2017-06-25
06/25/2018,730.0,22.0,0.0,16.0,0.0,638.0,2018-06-25
06/25/2019,911.0,27.0,559.0,456.0,0.0,148.0,2019-06-25
06/26/2017,-105.0,0.0,0.0,24.0,0.0,0.0,2017-06-26
06/26/2018,414.0,8.0,0.0,177.0,0.0,213.0,2018-06-26
06/26/2019,54.0,8.0,0.0,47.0,0.0,20.0,2019-06-26
06/27/2017,103.0,17.0,0.0,51.0,0.0,104.0,2017-06-27
06/27/2018,355.0,3.0,0.0,3.0,0.0,267.0,2018-06-27
06/27/2019,400.0,79.0,0.0,173.0,0.0,202.0,2019-06-27
06/28/2017,253.0,22.0,0.0,0.0,0.0,198.0,2017-06-28
06/28/2018,470.0,20.0,39.0,160.0,0.0,303.0,2018-06-28
06/28/2019,-51.0,0.0,0.0,85.0,0.0,0.0,2019-06-28
06/29/2017,147.0,39.0,0.0,1.0,0.0,46.0,2017-06-29
06/29/2018,236.0,1.0,0.0,3.0,0.0,191.0,2018-06-29
06/29/2019,171.0,0.0,0.0,85.0,0.0,198.0,2019-06-29
06/30/2017,257.0,52.0,0.0,115.0,0.0,180.0,2017-06-30
06/30/2018,4.0,20.0,0.0,0.0,0.0,0.0,2018-06-30
06/30/2019,671.0,192.0,0.0,0.0,0.0,356.0,2019-06-30
07/01/2017,1117.0,60.0,43.0,152.0,0.0,985.0,2017-07-01
07/01/2018,358.0,32.0,185.0,0.0,0.0,72.0,2018-07-01
07/01/2019,83.0,0.0,0.0,0.0,0.0,0.0,2019-07-01
07/02/2017,329.0,294.0,0.0,19.0,0.0,22.0,2017-07-02
07/02/2018,425.0,327.0,0.0,40.0,0.0,75.0,2018-07-02
07/02/2019,102.0,7.0,0.0,85.0,0.0,42.0,2019-07-02
07/03/2017,-50.0,42.0,0.0,0.0,0.0,0.0,2017-07-03
07/03/2018,1449.0,21.0,175.0,16.0,0.0,1198.0,2018-07-03
07/03/2019,16.0,2.0,0.0,49.0,0.0,0.0,2019-07-03
07/04/2017,-51.0,11.0,0.0,15.0,0.0,7.0,2017-07-04
07/04/2018,2.0,0.0,0.0,0.0,0.0,0.0,2018-07-04
07/04/2019,179.0,0.0,0.0,195.0,0.0,0.0,2019-07-04
07/05/2017,-11.0,59.0,0.0,92.0,0.0,0.0,2017-07-05
07/05/2018,97.0,7.0,0.0,124.0,0.0,28.0,2018-07-05
07/05/2019,37.0,6.0,0.0,206.0,0.0,58.0,2019-07-05
07/06/2017,364.0,13.0,0.0,0.0,0.0,396.0,2017-07-06
07/06/2018,928.0,27.0,150.0,169.0,0.0,690.0,2018-07-06
07/06/2019,1367.0,646.0,0.0,426.0,0.0,487.0,2019-07-06
07/07/2017,85.0,0.0,0.0,327.0,0.0,103.0,2017-07-07
07/07/2018,121.0,74.0,0.0,0.0,0.0,59.0,2018-07-07
07/07/2019,176.0,42.0,0.0,126.0,0.0,137.0,2019-07-07
07/08/2017,711.0,190.0,0.0,127.0,0.0,416.0,2017-07-08
07/08/2018,163.0,5.0,0.0,0.0,0.0,95.0,2018-07-08
07/08/2019,185.0,5.0,0.0,119.0,0.0,180.0,2019-07-08
07/09/2017,136.0,0.0,0.0,19.0,0.0,142.0,2017-07-09
07/09/2018,72.0,0.0,0.0,0.0,0.0,79.0,2018-07-09
07/09/2019,278.0,46.0,0.0,0.0,0.0,174.0,2019-07-09
07/10/2017,388.0,40.0,0.0,174.0,0.0,339.0,2017-07-10
07/10/2018,95.0,0.0,0.0,17.0,0.0,131.0,2018-07-10
07/10/2019,45.0,0.0,0.0,0.0,0.0,116.0,2019-07-10
07/11/2017,312.0,87.0,0.0,7.0,0.0,172.0,2017-07-11
07/11/2018,190.0,4.0,0.0,0.0,0.0,277.0,2018-07-11
07/11/2019,637.0,59.0,0.0,251.0,0.0,370.0,2019-07-11
07/12/2017,1159.0,244.0,0.0,554.0,0.0,369.0,2017-07-12
07/12/2018,-1.0,0.0,0.0,38.0,0.0,25.0,2018-07-12
07/12/2019,846.0,354.0,0.0,63.0,0.0,341.0,2019-07-12
07/13/2017,385.0,55.0,0.0,342.0,0.0,88.0,2017-07-13
07/13/2018,105.0,0.0,0.0,0.0,0.0,75.0,2018-07-13
07/13/2019,359.0,102.0,0.0,12.0,0.0,250.0,2019-07-13
07/14/2017,634.0,237.0,0.0,217.0,0.0,334.0,2017-07-14
07/14/2018,14.0,82.0,0.0,0.0,0.0,0.0,2018-07-14
07/14/2019,593.0,120.0,0.0,0.0,0.0,441.0,2019-07-14
07/15/2017,999.0,335.0,0.0,203.0,0.0,350.0,2017-07-15
07/15/2018,925.0,312.0,38.0,185.0,0.0,414.0,2018-07-15
07/15/2019,389.0,269.0,0.0,12.0,0.0,95.0,2019-07-15
07/16/2017,40.0,7.0,0.0,0.0,0.0,26.0,2017-07-16
07/16/2018,336.0,195.0,0.0,299.0,0.0,150.0,2018-07-16
07/16/2019,150.0,61.0,0.0,77.0,0.0,168.0,2019-07-16
07/17/2017,1425.0,529.0,0.0,610.0,0.0,441.0,2017-07-17
07/17/2018,402.0,80.0,0.0,60.0,7.0,228.0,2018-07-17
07/17/2019,484.0,0.0,239.0,239.0,0.0,178.0,2019-07-17
07/18/2017,268.0,165.0,0.0,171.0,0.0,38.0,2017-07-18
07/18/2018,364.0,271.0,0.0,17.0,0.0,72.0,2018-07-18
07/18/2019,1065.0,59.0,0.0,669.0,0.0,680.0,2019-07-18
07/19/2017,233.0,6.0,0.0,5.0,0.0,134.0,2017-07-19
07/19/2018,344.0,68.0,0.0,93.0,0.0,261.0,2018-07-19
07/19/2019,112.0,2.0,0.0,10.0,0.0,79.0,2019-07-19
07/20/2017,571.0,48.0,138.0,235.0,0.0,209.0,2017-07-20
07/20/2018,241.0,39.0,0.0,119.0,0.0,179.0,2018-07-20
07/20/2019,76.0,20.0,0.0,47.0,0.0,0.0,2019-07-20
07/21/2017,191.0,98.0,0.0,49.0,3.0,59.0,2017-07-21
07/21/2018,-46.0,0.0,0.0,0.0,0.0,0.0,2018-07-21
07/21/2019,698.0,7.0,0.0,503.0,0.0,383.0,2019-07-21
07/22/2017,508.0,251.0,0.0,45.0,0.0,171.0,2017-07-22
07/22/2018,491.0,33.0,0.0,297.0,0.0,269.0,2018-07-22
07/22/2019,201.0,2.0,74.0,200.0,0.0,97.0,2019-07-22
07/23/2017,645.0,19.0,261.0,346.0,0.0,123.0,2017-07-23
07/23/2018,670.0,73.0,0.0,59.0,0.0,531.0,2018-07-23
07/23/2019,462.0,8.0,0.0,55.0,0.0,406.0,2019-07-23
07/24/2017,541.0,233.0,4.0,81.0,0.0,239.0,2017-07-24
07/24/2018,889.0,174.0,0.0,521.0,1.0,536.0,2018-07-24
07/24/2019,328.0,258.0,0.0,28.0,0.0,55.0,2019-07-24
07/25/2017,90.0,96.0,0.0,102.0,0.0,0.0,2017-07-25
07/25/2018,1042.0,427.0,0.0,197.0,0.0,532.0,2018-07-25
07/25/2019,-33.0,0.0,0.0,0.0,0.0,0.0,2019-07-25
07/26/2017,59.0,0.0,0.0,57.0,0.0,0.0,2017-07-26
07/26/2018,398.0,60.0,0.0,0.0,0.0,243.0,2018-07-26
07/26/2019,58.0,0.0,0.0,33.0,0.0,148.0,2019-07-26
07/27/2017,-61.0,11.0,0.0,87.0,0.0,6.0,2017-07-27
07/27/2018,547.0,31.0,366.0,267.0,0.0,144.0,2018-07-27
07/27/2019,110.0,0.0,0.0,0.0,0.0,130.0,2019-07-27
07/28/2017,221.0,11.0,0.0,130.0,0.0,260.0,2017-07-28
07/28/2018,358.0,221.0,0.0,99.0,0.0,95.0,2018-07-28
07/28/2019,-17.0,0.0,0.0,0.0,0.0,50.0,2019-07-28
07/29/2017,225.0,9.0,0.0,25.0,0.0,131.0,2017-07-29
07/29/2018,-19.0,23.0,0.0,82.0,0.0,26.0,2018-07-29
07/29/2019,193.0,6.0,0.0,20.0,0.0,168.0,2019-07-29
07/30/2017,90.0,56.0,0.0,18.0,0.0,60.0,2017-07-30
07/30/2018,612.0,3.0,0.0,97.0,0.0,437.0,2018-07-30
07/30/2019,1349.0,67.0,64.0,426.0,0.0,817.0,2019-07-30
07/31/2017,-3.0,5.0,0.0,49.0,0.0,22.0,2017-07-31
07/31/2018,-10.0,0.0,0.0,4.0,0.0,18.0,2018-07-31
07/31/2019,524.0,58.0,2.0,151.0,0.0,469.0,2019-07-31
08/01/2017,82.0,31.0,0.0,31.0,0.0,105.0,2017-08-01
08/01/2018,565.0,148.0,0.0,180.0,0.0,379.0,2018-08-01
08/01/2019,420.0,119.0,0.0,425.0,0.0,218.0,2019-08-01
08/02/2017,2259.0,19.0,953.0,185.0,0.0,1236.0,2017-08-02
08/02/2018,1230.0,42.0,16.0,197.0,0.0,925.0,2018-08-02
08/02/2019,126.0,51.0,0.0,166.0,0.0,55.0,2019-08-02
08/03/2017,406.0,81.0,0.0,530.0,0.0,84.0,2017-08-03
08/03/2018,1401.0,190.0,263.0,39.0,0.0,898.0,2018-08-03
08/03/2019,469.0,50.0,0.0,49.0,0.0,430.0,2019-08-03
08/04/2017,680.0,113.0,140.0,56.0,0.0,345.0,2017-08-04
08/04/2018,509.0,380.0,0.0,46.0,0.0,21.0,2018-08-04
08/04/2019,-28.0,16.0,0.0,6.0,0.0,33.0,2019-08-04
08/05/2017,314.0,82.0,0.0,39.0,0.0,191.0,2017-08-05
08/05/2018,221.0,52.0,0.0,0.0,0.0,74.0,2018-08-05
08/05/2019,128.0,107.0,0.0,17.0,0.0,71.0,2019-08-05
08/06/2017,78.0,88.0,0.0,30.0,0.0,9.0,2017-08-06
08/06/2018,356.0,114.0,0.0,154.0,0.0,38.0,2018-08-06
08/06/2019,491.0,22.0,0.0,107.0,0.0,445.0,2019-08-06
08/07/2017,638.0,116.0,0.0,90.0,0.0,506.0,2017-08-07
08/07/2018,930.0,0.0,0.0,655.0,0.0,356.0,2018-08-07
08/07/2019,524.0,26.0,111.0,0.0,0.0,342.0,2019-08-07
08/08/2017,81.0,118.0,0.0,103.0,0.0,0.0,2017-08-08
08/08/2018,407.0,44.0,0.0,71.0,0.0,340.0,2018-08-08
08/08/2019,1205.0,624.0,23.0,336.0,0.0,430.0,2019-08-08
08/09/2017,-47.0,15.0,0.0,40.0,0.0,0.0,2017-08-09
08/09/2018,198.0,87.0,0.0,113.0,0.0,104.0,2018-08-09
08/09/2019,529.0,220.0,0.0,60.0,0.0,253.0,2019-08-09
08/10/2017,56.0,13.0,0.0,138.0,0.0,27.0,2017-08-10
08/10/2018,64.0,5.0,0.0,4.0,0.0,78.0,2018-08-10
08/10/2019,-1.0,19.0,0.0,0.0,0.0,0.0,2019-08-10
08/11/2017,77.0,47.0,0.0,6.0,0.0,69.0,2017-08-11
08/11/2018,788.0,68.0,131.0,182.0,0.0,564.0,2018-08-11
08/11/2019,63.0,3.0,0.0,0.0,0.0,43.0,2019-08-11
08/12/2017,98.0,88.0,0.0,16.0,0.0,40.0,2017-08-12
08/12/2018,195.0,7.0,0.0,144.0,0.0,154.0,2018-08-12
08/12/2019,137.0,0.0,0.0,22.0,0.0,108.0,2019-08-12
08/13/2017,188.0,4.0,0.0,19.0,0.0,173.0,2017-08-13
08/13/2018,649.0,84.0,0.0,320.0,0.0,318.0,2018-08-13
08/13/2019,518.0,49.0,0.0,328.0,0.0,342.0,2019-08-13
08/14/2017,122.0,1.0,0.0,111.0,0.0,140.0,2017-08-14
08/14/2018,682.0,12.0,0.0,217.0,0.0,643.0,2018-08-14
08/14/2019,422.0,56.0,0.0,276.0,0.0,229.0,2019-08-14
08/15/2017,271.0,100.0,0.0,185.0,0.0,211.0,2017-08-15
08/15/2018,168.0,0.0,0.0,24.0,0.0,62.0,2018-08-15
08/15/2019,449.0,22.0,0.0,306.0,0.0,461.0,2019-08-15
08/16/2017,133.0,87.0,0.0,150.0,0.0,8.0,2017-08-16
08/16/2018,470.0,247.0,0.0,0.0,0.0,101.0,2018-08-16
08/16/2019,631.0,305.0,0.0,58.0,0.0,239.0,2019-08-16
08/17/2017,22.0,11.0,0.0,7.0,0.0,21.0,2017-08-17
08/17/2018,1029.0,8.0,770.0,99.0,0.0,287.0,2018-08-17
08/17/2019,541.0,171.0,0.0,120.0,0.0,292.0,2019-08-17
08/18/2017,366.0,0.0,0.0,422.0,0.0,252.0,2017-08-18
08/18/2018,185.0,33.0,0.0,222.0,0.0,171.0,2018-08-18
08/18/2019,1183.0,68.0,155.0,789.0,0.0,430.0,2019-08-18
08/19/2017,18.0,44.0,0.0,28.0,0.0,0.0,2017-08-19
08/19/2018,706.0,133.0,0.0,91.0,0.0,374.0,2018-08-19
08/19/2019,483.0,3.0,0.0,83.0,0.0,416.0,2019-08-19
08/20/2017,-15.0,0.0,0.0,0.0,0.0,0.0,2017-08-20
08/20/2018,405.0,107.0,0.0,122.0,0.0,258.0,2018-08-20
08/20/2019,652.0,7.0,0.0,530.0,0.0,290.0,2019-08-20
08/21/2017,-2.0,3.0,0.0,121.0,0.0,76.0,2017-08-21
08/21/2018,99.0,55.0,0.0,124.0,0.0,86.0,2018-08-21
08/21/2019,1861.0,733.0,150.0,164.0,0.0,951.0,2019-08-21
08/22/2017,300.0,89.0,0.0,75.0,0.0,184.0,2017-08-22
08/22/2018,-9.0,1.0,0.0,1.0,0.0,58.0,2018-08-22
08/22/2019,1116.0,50.0,235.0,167.0,0.0,828.0,2019-08-22
08/23/2017,178.0,3.0,0.0,58.0,0.0,171.0,2017-08-23
08/23/2018,96.0,29.0,0.0,34.0,0.0,120.0,2018-08-23
08/23/2019,376.0,70.0,0.0,80.0,0.0,232.0,2019-08-23
08/24/2017,-63.0,0.0,0.0,57.0,0.0,0.0,2017-08-24
08/24/2018,157.0,65.0,0.0,56.0,0.0,100.0,2018-08-24
08/24/2019,-37.0,3.0,0.0,0.0,0.0,18.0,2019-08-24
08/25/2017,69.0,69.0,0.0,41.0,0.0,35.0,2017-08-25
08/25/2018,-70.0,11.0,0.0,42.0,0.0,10.0,2018-08-25
08/25/2019,-23.0,0.0,0.0,0.0,0.0,0.0,2019-08-25
08/26/2017,-77.0,0.0,0.0,0.0,0.0,0.0,2017-08-26
08/26/2018,-85.0,0.0,0.0,0.0,0.0,0.0,2018-08-26
08/26/2019,463.0,0.0,0.0,137.0,0.0,285.0,2019-08-26
08/27/2017,9.0,0.0,26.0,0.0,0.0,59.0,2017-08-27
08/27/2018,-66.0,0.0,0.0,0.0,0.0,0.0,2018-08-27
08/27/2019,152.0,0.0,139.0,38.0,0.0,31.0,2019-08-27
08/28/2017,134.0,57.0,121.0,41.0,0.0,0.0,2017-08-28
08/28/2018,195.0,0.0,100.0,16.0,0.0,40.0,2018-08-28
08/28/2019,94.0,1.0,0.0,0.0,0.0,138.0,2019-08-28
08/29/2017,-14.0,27.0,0.0,23.0,0.0,20.0,2017-08-29
08/29/2018,67.0,19.0,0.0,0.0,0.0,37.0,2018-08-29
08/29/2019,787.0,332.0,0.0,0.0,7.0,391.0,2019-08-29
08/30/2017,-48.0,1.0,0.0,3.0,0.0,52.0,2017-08-30
08/30/2018,-91.0,4.0,0.0,79.0,0.0,1.0,2018-08-30
08/30/2019,115.0,0.0,0.0,10.0,0.0,93.0,2019-08-30
08/31/2017,-53.0,0.0,0.0,7.0,0.0,24.0,2017-08-31
08/31/2018,351.0,59.0,0.0,191.0,0.0,295.0,2018-08-31
08/31/2019,-35.0,1.0,0.0,0.0,0.0,57.0,2019-08-31
09/01/2017,153.0,36.0,0.0,102.0,0.0,167.0,2017-09-01
09/01/2018,-64.0,0.0,0.0,0.0,0.0,0.0,2018-09-01
09/01/2019,-87.0,0.0,0.0,18.0,0.0,0.0,2019-09-01
09/02/2017,-94.0,0.0,0.0,15.0,0.0,0.0,2017-09-02
09/02/2018,-108.0,0.0,0.0,0.0,0.0,0.0,2018-09-02
09/02/2019,1344.0,30.0,0.0,606.0,83.0,1253.0,2019-09-02
09/03/2017,-149.0,0.0,0.0,0.0,0.0,0.0,2017-09-03
09/03/2018,326.0,1.0,0.0,15.0,0.0,370.0,2018-09-03
09/03/2019,775.0,256.0,344.0,71.0,0.0,152.0,2019-09-03
09/04/2017,-88.0,0.0,0.0,0.0,0.0,0.0,2017-09-04
09/04/2018,34.0,25.0,0.0,0.0,0.0,37.0,2018-09-04
09/04/2019,252.0,0.0,0.0,4.0,0.0,270.0,2019-09-04
09/05/2017,175.0,0.0,0.0,214.0,0.0,125.0,2017-09-05
09/05/2018,-43.0,0.0,69.0,0.0,0.0,8.0,2018-09-05
09/05/2019,129.0,0.0,0.0,62.0,0.0,203.0,2019-09-05
09/06/2017,-57.0,0.0,0.0,22.0,0.0,21.0,2017-09-06
09/06/2018,149.0,6.0,0.0,247.0,0.0,275.0,2018-09-06
09/06/2019,-5.0,0.0,0.0,87.0,0.0,109.0,2019-09-06
09/07/2017,-2.0,17.0,0.0,161.0,0.0,56.0,2017-09-07
09/07/2018,274.0,68.0,143.0,186.0,0.0,105.0,2018-09-07
09/07/2019,15.0,14.0,0.0,6.0,0.0,68.0,2019-09-07
09/08/2017,-21.0,22.0,0.0,6.0,0.0,32.0,2017-09-08
09/08/2018,-99.0,0.0,0.0,0.0,0.0,0.0,2018-09-08
09/08/2019,-27.0,0.0,0.0,0.0,0.0,21.0,2019-09-08
09/09/2017,-73.0,0.0,0.0,0.0,0.0,0.0,2017-09-09
09/09/2018,28.0,20.0,0.0,32.0,0.0,80.0,2018-09-09
09/09/2019,20.0,17.0,0.0,5.0,0.0,37.0,2019-09-09
09/10/2017,-73.0,0.0,0.0,39.0,0.0,0.0,2017-09-10
09/10/2018,47.0,2.0,0.0,0.0,0.0,61.0,2018-09-10
09/10/2019,46.0,13.0,71.0,14.0,0.0,0.0,2019-09-10
09/11/2017,-124.0,0.0,0.0,0.0,0.0,0.0,2017-09-11
09/11/2018,121.0,24.0,0.0,66.0,0.0,167.0,2018-09-11
09/11/2019,316.0,54.0,0.0,85.0,0.0,322.0,2019-09-11
09/12/2017,-46.0,17.0,0.0,0.0,0.0,0.0,2017-09-12
09/12/2018,148.0,6.0,0.0,54.0,0.0,175.0,2018-09-12
09/12/2019,333.0,24.0,0.0,236.0,0.0,319.0,2019-09-12
09/13/2017,122.0,2.0,54.0,271.0,0.0,111.0,2017-09-13
09/13/2018,217.0,4.0,0.0,5.0,0.0,201.0,2018-09-13
09/13/2019,164.0,14.0,0.0,163.0,0.0,132.0,2019-09-13
09/14/2017,91.0,108.0,0.0,0.0,0.0,42.0,2017-09-14
09/14/2018,161.0,8.0,0.0,15.0,0.0,172.0,2018-09-14
09/14/2019,-26.0,3.0,0.0,0.0,0.0,12.0,2019-09-14
09/15/2017,92.0,47.0,0.0,0.0,0.0,36.0,2017-09-15
09/15/2018,-67.0,2.0,0.0,40.0,0.0,3.0,2018-09-15
09/15/2019,174.0,60.0,0.0,60.0,0.0,16.0,2019-09-15
09/16/2017,-10.0,44.0,0.0,0.0,0.0,0.0,2017-09-16
09/16/2018,50.0,12.0,0.0,83.0,0.0,86.0,2018-09-16
09/16/2019,18.0,0.0,0.0,51.0,0.0,93.0,2019-09-16
09/17/2017,176.0,3.0,0.0,62.0,0.0,225.0,2017-09-17
09/17/2018,10.0,5.0,0.0,18.0,0.0,58.0,2018-09-17
09/17/2019,290.0,0.0,0.0,0.0,0.0,334.0,2019-09-17
09/18/2017,52.0,0.0,0.0,0.0,0.0,39.0,2017-09-18
09/18/2018,412.0,24.0,0.0,25.0,0.0,380.0,2018-09-18
09/18/2019,-69.0,0.0,0.0,0.0,0.0,0.0,2019-09-18
09/19/2017,55.0,1.0,0.0,54.0,0.0,115.0,2017-09-19
09/19/2018,-150.0,0.0,0.0,26.0,0.0,0.0,2018-09-19
09/19/2019,86.0,33.0,0.0,22.0,0.0,18.0,2019-09-19
09/20/2017,31.0,0.0,0.0,0.0,0.0,26.0,2017-09-20
09/20/2018,165.0,0.0,0.0,0.0,0.0,157.0,2018-09-20
09/20/2019,492.0,32.0,0.0,299.0,0.0,152.0,2019-09-20
09/21/2017,297.0,1.0,0.0,28.0,0.0,223.0,2017-09-21
09/21/2018,350.0,87.0,0.0,77.0,0.0,157.0,2018-09-21
09/21/2019,-12.0,1.0,0.0,0.0,0.0,25.0,2019-09-21
09/22/2017,163.0,0.0,0.0,0.0,0.0,179.0,2017-09-22
09/22/2018,-29.0,1.0,0.0,15.0,0.0,29.0,2018-09-22
09/22/2019,20.0,8.0,0.0,59.0,0.0,0.0,2019-09-22
09/23/2017,-71.0,0.0,0.0,19.0,0.0,0.0,2017-09-23
09/23/2018,113.0,20.0,0.0,27.0,0.0,166.0,2018-09-23
09/23/2019,-16.0,2.0,0.0,0.0,0.0,25.0,2019-09-23
09/24/2017,50.0,0.0,0.0,0.0,0.0,121.0,2017-09-24
09/24/2018,225.0,260.0,0.0,9.0,0.0,75.0,2018-09-24
09/24/2019,-48.0,0.0,0.0,0.0,0.0,28.0,2019-09-24
09/25/2017,141.0,42.0,0.0,0.0,0.0,102.0,2017-09-25
09/25/2018,341.0,0.0,0.0,197.0,0.0,224.0,2018-09-25
09/25/2019,-92.0,0.0,0.0,16.0,0.0,0.0,2019-09-25
09/26/2017,93.0,4.0,0.0,0.0,102.0,52.0,2017-09-26
09/26/2018,472.0,111.0,0.0,239.0,0.0,386.0,2018-09-26
09/26/2019,493.0,405.0,0.0,69.0,0.0,35.0,2019-09-26
09/27/2017,-104.0,0.0,0.0,22.0,0.0,0.0,2017-09-27
09/27/2018,58.0,34.0,0.0,79.0,0.0,79.0,2018-09-27
09/27/2019,152.0,0.0,0.0,203.0,0.0,55.0,2019-09-27
09/28/2017,210.0,13.0,0.0,1.0,0.0,224.0,2017-09-28
09/28/2018,165.0,106.0,0.0,18.0,0.0,31.0,2018-09-28
09/28/2019,17.0,34.0,0.0,2.0,0.0,19.0,2019-09-28
09/29/2017,77.0,33.0,0.0,46.0,0.0,112.0,2017-09-29
09/29/2018,-49.0,0.0,0.0,0.0,0.0,0.0,2018-09-29
09/29/2019,-62.0,0.0,0.0,112.0,0.0,10.0,2019-09-29
09/30/2017,165.0,214.0,0.0,0.0,0.0,0.0,2017-09-30
09/30/2018,-102.0,0.0,0.0,33.0,0.0,0.0,2018-09-30
09/30/2019,126.0,142.0,0.0,35.0,0.0,18.0,2019-09-30
10/01/2017,59.0,0.0,0.0,0.0,0.0,98.0,2017-10-01
10/01/2018,-114.0,0.0,0.0,0.0,0.0,0.0,2018-10-01
10/02/2017,-122.0,0.0,0.0,15.0,0.0,0.0,2017-10-02
10/02/2018,-73.0,0.0,0.0,0.0,0.0,28.0,2018-10-02
10/03/2017,-78.0,0.0,0.0,0.0,0.0,0.0,2017-10-03
10/03/2018,451.0,7.0,0.0,60.0,0.0,503.0,2018-10-03
10/04/2017,147.0,95.0,0.0,8.0,0.0,78.0,2017-10-04
10/04/2018,81.0,1.0,0.0,43.0,0.0,79.0,2018-10-04
10/05/2017,7.0,0.0,0.0,0.0,0.0,0.0,2017-10-05
10/05/2018,674.0,507.0,47.0,79.0,0.0,60.0,2018-10-05
10/06/2017,16.0,18.0,0.0,56.0,0.0,63.0,2017-10-06
10/06/2018,-22.0,21.0,0.0,32.0,0.0,0.0,2018-10-06
10/07/2017,-31.0,0.0,0.0,0.0,0.0,0.0,2017-10-07
10/07/2018,-73.0,1.0,0.0,25.0,0.0,11.0,2018-10-07
10/08/2017,-77.0,4.0,0.0,31.0,0.0,20.0,2017-10-08
10/08/2018,153.0,38.0,0.0,22.0,0.0,69.0,2018-10-08
10/09/2017,460.0,8.0,0.0,2.0,0.0,424.0,2017-10-09
10/09/2018,107.0,2.0,0.0,72.0,0.0,154.0,2018-10-09
10/10/2017,85.0,97.0,0.0,113.0,0.0,36.0,2017-10-10
10/10/2018,60.0,83.0,0.0,29.0,0.0,11.0,2018-10-10
10/11/2017,-51.0,0.0,0.0,43.0,0.0,41.0,2017-10-11
10/11/2018,923.0,167.0,59.0,427.0,0.0,658.0,2018-10-11
10/12/2017,-36.0,0.0,0.0,0.0,0.0,29.0,2017-10-12
10/12/2018,-77.0,0.0,0.0,47.0,0.0,0.0,2018-10-12
10/13/2017,-31.0,12.0,0.0,12.0,0.0,15.0,2017-10-13
10/13/2018,75.0,41.0,0.0,166.0,0.0,47.0,2018-10-13
10/14/2017,47.0,0.0,0.0,49.0,0.0,34.0,2017-10-14
10/14/2018,81.0,93.0,0.0,53.0,0.0,15.0,2018-10-14
10/15/2017,178.0,22.0,0.0,81.0,0.0,190.0,2017-10-15
10/15/2018,159.0,116.0,0.0,156.0,0.0,128.0,2018-10-15
10/16/2017,-70.0,0.0,0.0,49.0,0.0,0.0,2017-10-16
10/16/2018,-10.0,29.0,0.0,240.0,0.0,90.0,2018-10-16
10/17/2017,-47.0,0.0,0.0,0.0,0.0,0.0,2017-10-17
10/17/2018,79.0,144.0,0.0,140.0,0.0,19.0,2018-10-17
10/18/2017,-42.0,2.0,0.0,0.0,0.0,14.0,2017-10-18
10/18/2018,178.0,62.0,0.0,56.0,0.0,121.0,2018-10-18
10/19/2017,108.0,24.0,0.0,13.0,0.0,64.0,2017-10-19
10/19/2018,24.0,24.0,0.0,33.0,0.0,23.0,2018-10-19
10/20/2017,210.0,7.0,0.0,0.0,0.0,128.0,2017-10-20
10/20/2018,-82.0,0.0,0.0,0.0,0.0,0.0,2018-10-20
10/21/2017,-72.0,0.0,0.0,0.0,0.0,0.0,2017-10-21
10/21/2018,93.0,54.0,0.0,0.0,0.0,42.0,2018-10-21
10/22/2017,70.0,0.0,0.0,158.0,0.0,35.0,2017-10-22
10/22/2018,95.0,48.0,0.0,2.0,0.0,33.0,2018-10-22
10/23/2017,24.0,14.0,0.0,50.0,0.0,32.0,2017-10-23
10/23/2018,299.0,0.0,0.0,18.0,0.0,378.0,2018-10-23
10/24/2017,495.0,36.0,0.0,803.0,0.0,105.0,2017-10-24
10/24/2018,58.0,0.0,0.0,77.0,0.0,0.0,2018-10-24
10/25/2017,167.0,221.0,0.0,103.0,0.0,26.0,2017-10-25
10/25/2018,223.0,205.0,0.0,20.0,0.0,76.0,2018-10-25
10/26/2017,187.0,22.0,0.0,57.0,0.0,204.0,2017-10-26
10/26/2018,25.0,0.0,0.0,38.0,0.0,0.0,2018-10-26
10/27/2017,-78.0,0.0,0.0,16.0,0.0,0.0,2017-10-27
10/27/2018,100.0,21.0,0.0,65.0,0.0,106.0,2018-10-27
10/28/2017,-51.0,24.0,0.0,1.0,0.0,0.0,2017-10-28
10/28/2018,-51.0,0.0,0.0,0.0,0.0,0.0,2018-10-28
10/29/2017,131.0,0.0,5.0,118.0,0.0,166.0,2017-10-29
10/29/2018,-18.0,25.0,0.0,21.0,0.0,0.0,2018-10-29
10/30/2017,181.0,15.0,0.0,37.0,0.0,183.0,2017-10-30
10/30/2018,-69.0,0.0,0.0,56.0,0.0,0.0,2018-10-30
10/31/2017,61.0,171.0,0.0,57.0,0.0,0.0,2017-10-31
10/31/2018,146.0,0.0,0.0,232.0,0.0,0.0,2018-10-31
11/01/2017,226.0,39.0,0.0,78.0,0.0,271.0,2017-11-01
11/01/2018,-77.0,21.0,0.0,0.0,0.0,1.0,2018-11-01
11/02/2017,7.0,0.0,0.0,16.0,0.0,43.0,2017-11-02
11/02/2018,120.0,0.0,0.0,46.0,0.0,211.0,2018-11-02
11/03/2017,140.0,46.0,0.0,87.0,0.0,139.0,2017-11-03
11/03/2018,96.0,163.0,0.0,25.0,0.0,16.0,2018-11-03
11/04/2017,-80.0,0.0,0.0,61.0,0.0,0.0,2017-11-04
11/04/2018,-69.0,0.0,0.0,0.0,0.0,0.0,2018-11-04
11/05/2017,528.0,4.0,0.0,18.0,0.0,493.0,2017-11-05
11/05/2018,62.0,17.0,0.0,30.0,0.0,91.0,2018-11-05
11/06/2017,125.0,0.0,0.0,40.0,0.0,61.0,2017-11-06
11/06/2018,279.0,49.0,0.0,317.0,0.0,258.0,2018-11-06
11/07/2017,76.0,57.0,0.0,60.0,0.0,70.0,2017-11-07
11/07/2018,13.0,1.0,0.0,51.0,0.0,56.0,2018-11-07
11/08/2017,-8.0,0.0,0.0,0.0,0.0,28.0,2017-11-08
11/08/2018,25.0,17.0,0.0,70.0,0.0,72.0,2018-11-08
11/09/2017,12.0,4.0,0.0,34.0,0.0,27.0,2017-11-09
11/09/2018,118.0,53.0,0.0,74.0,0.0,102.0,2018-11-09
11/10/2017,166.0,1.0,0.0,25.0,0.0,175.0,2017-11-10
11/10/2018,-51.0,16.0,0.0,0.0,0.0,0.0,2018-11-10
11/11/2017,-11.0,0.0,0.0,0.0,0.0,0.0,2017-11-11
11/11/2018,-67.0,0.0,0.0,0.0,0.0,0.0,2018-11-11
11/12/2017,-89.0,2.0,0.0,13.0,0.0,0.0,2017-11-12
11/12/2018,-9.0,5.0,0.0,31.0,0.0,52.0,2018-11-12
11/13/2017,-17.0,0.0,0.0,0.0,0.0,37.0,2017-11-13
11/13/2018,19.0,31.0,0.0,130.0,0.0,50.0,2018-11-13
11/14/2017,-38.0,2.0,0.0,0.0,0.0,27.0,2017-11-14
11/14/2018,217.0,162.0,0.0,53.0,0.0,94.0,2018-11-14
11/15/2017,-63.0,0.0,0.0,20.0,0.0,0.0,2017-11-15
11/15/2018,2896.0,766.0,672.0,248.0,0.0,1452.0,2018-11-15
11/16/2017,168.0,10.0,0.0,0.0,0.0,98.0,2017-11-16
11/16/2018,689.0,419.0,0.0,94.0,0.0,185.0,2018-11-16
11/17/2017,235.0,0.0,0.0,32.0,0.0,176.0,2017-11-17
11/17/2018,178.0,40.0,0.0,27.0,0.0,155.0,2018-11-17
11/18/2017,-81.0,0.0,0.0,0.0,0.0,0.0,2017-11-18
11/18/2018,162.0,118.0,0.0,23.0,0.0,67.0,2018-11-18
11/19/2017,464.0,43.0,0.0,33.0,0.0,370.0,2017-11-19
11/19/2018,15.0,7.0,0.0,5.0,0.0,72.0,2018-11-19
11/20/2017,99.0,0.0,0.0,0.0,0.0,52.0,2017-11-20
11/20/2018,-68.0,0.0,0.0,0.0,0.0,0.0,2018-11-20
11/21/2017,144.0,16.0,0.0,12.0,0.0,129.0,2017-11-21
11/21/2018,-37.0,3.0,0.0,25.0,0.0,29.0,2018-11-21
11/22/2017,47.0,51.0,0.0,0.0,0.0,14.0,2017-11-22
11/22/2018,137.0,0.0,0.0,0.0,0.0,107.0,2018-11-22
11/23/2017,11.0,27.0,0.0,27.0,0.0,0.0,2017-11-23
11/23/2018,34.0,0.0,0.0,0.0,0.0,0.0,2018-11-23
11/24/2017,22.0,0.0,0.0,0.0,0.0,0.0,2017-11-24
11/24/2018,125.0,5.0,0.0,0.0,0.0,100.0,2018-11-24
11/25/2017,-52.0,8.0,0.0,31.0,0.0,13.0,2017-11-25
11/25/2018,-39.0,0.0,0.0,58.0,3.0,34.0,2018-11-25
11/26/2017,268.0,29.0,0.0,13.0,0.0,165.0,2017-11-26
11/26/2018,248.0,43.0,0.0,319.0,0.0,120.0,2018-11-26
11/27/2017,257.0,6.0,0.0,3.0,0.0,170.0,2017-11-27
11/27/2018,72.0,7.0,0.0,19.0,0.0,47.0,2018-11-27
11/28/2017,-52.0,0.0,0.0,0.0,0.0,0.0,2017-11-28
11/28/2018,238.0,63.0,0.0,32.0,0.0,174.0,2018-11-28
11/29/2017,123.0,19.0,0.0,12.0,0.0,97.0,2017-11-29
11/29/2018,15.0,10.0,0.0,73.0,0.0,42.0,2018-11-29
11/30/2017,-73.0,0.0,0.0,27.0,0.0,0.0,2017-11-30
11/30/2018,-40.0,10.0,0.0,66.0,0.0,0.0,2018-11-30
12/01/2017,67.0,0.0,0.0,0.0,0.0,43.0,2017-12-01
12/01/2018,253.0,130.0,0.0,33.0,0.0,112.0,2018-12-01
12/02/2017,-72.0,0.0,0.0,0.0,0.0,0.0,2017-12-02
12/02/2018,122.0,59.0,0.0,46.0,0.0,63.0,2018-12-02
12/03/2017,336.0,0.0,0.0,0.0,0.0,320.0,2017-12-03
12/03/2018,-24.0,56.0,0.0,27.0,0.0,0.0,2018-12-03
12/04/2017,346.0,262.0,0.0,132.0,0.0,18.0,2017-12-04
12/04/2018,-60.0,2.0,0.0,15.0,0.0,0.0,2018-12-04
12/05/2017,258.0,37.0,0.0,14.0,0.0,213.0,2017-12-05
12/05/2018,-64.0,0.0,0.0,50.0,0.0,0.0,2018-12-05
12/06/2017,154.0,0.0,0.0,46.0,0.0,182.0,2017-12-06
12/06/2018,175.0,27.0,0.0,134.0,0.0,221.0,2018-12-06
12/07/2017,149.0,13.0,0.0,44.0,0.0,161.0,2017-12-07
12/07/2018,-96.0,1.0,0.0,158.0,0.0,0.0,2018-12-07
12/08/2017,21.0,4.0,0.0,50.0,0.0,17.0,2017-12-08
12/08/2018,-96.0,0.0,0.0,50.0,0.0,0.0,2018-12-08
12/09/2017,51.0,31.0,0.0,170.0,0.0,60.0,2017-12-09
12/09/2018,-47.0,0.0,0.0,49.0,0.0,0.0,2018-12-09
12/10/2017,120.0,28.0,0.0,0.0,0.0,47.0,2017-12-10
12/10/2018,-10.0,20.0,0.0,0.0,0.0,0.0,2018-12-10
12/11/2017,22.0,0.0,0.0,0.0,0.0,0.0,2017-12-11
12/11/2018,-57.0,15.0,0.0,0.0,0.0,0.0,2018-12-11
12/12/2017,51.0,1.0,0.0,0.0,0.0,47.0,2017-12-12
12/12/2018,-83.0,0.0,0.0,0.0,0.0,0.0,2018-12-12
12/13/2017,318.0,86.0,0.0,0.0,0.0,171.0,2017-12-13
12/13/2018,-8.0,15.0,0.0,28.0,0.0,37.0,2018-12-13
12/14/2017,191.0,56.0,0.0,202.0,0.0,121.0,2017-12-14
12/14/2018,34.0,31.0,0.0,56.0,0.0,20.0,2018-12-14
12/15/2017,1370.0,79.0,22.0,148.0,0.0,1245.0,2017-12-15
12/15/2018,-55.0,0.0,0.0,15.0,0.0,0.0,2018-12-15
12/16/2017,218.0,90.0,0.0,88.0,8.0,30.0,2017-12-16
12/16/2018,248.0,1.0,0.0,18.0,0.0,171.0,2018-12-16
12/17/2017,32.0,63.0,0.0,10.0,0.0,0.0,2017-12-17
12/17/2018,412.0,11.0,0.0,1.0,0.0,369.0,2018-12-17
12/18/2017,51.0,1.0,0.0,75.0,0.0,117.0,2017-12-18
12/18/2018,-64.0,0.0,0.0,0.0,0.0,0.0,2018-12-18
12/19/2017,431.0,10.0,0.0,67.0,0.0,379.0,2017-12-19
12/19/2018,-37.0,0.0,0.0,48.0,0.0,1.0,2018-12-19
12/20/2017,452.0,158.0,0.0,44.0,0.0,200.0,2017-12-20
12/20/2018,330.0,11.0,0.0,146.0,4.0,316.0,2018-12-20
12/21/2017,143.0,34.0,0.0,69.0,0.0,55.0,2017-12-21
12/21/2018,499.0,48.0,0.0,88.0,18.0,285.0,2018-12-21
12/22/2017,-42.0,5.0,0.0,61.0,0.0,0.0,2017-12-22
12/22/2018,47.0,0.0,0.0,15.0,0.0,0.0,2018-12-22
12/23/2017,181.0,15.0,0.0,82.0,0.0,91.0,2017-12-23
12/23/2018,52.0,66.0,0.0,0.0,0.0,0.0,2018-12-23
12/24/2017,66.0,0.0,0.0,1.0,0.0,105.0,2017-12-24
12/24/2018,-10.0,0.0,0.0,0.0,0.0,0.0,2018-12-24
12/25/2017,-31.0,1.0,0.0,46.0,0.0,0.0,2017-12-25
12/25/2018,-28.0,0.0,0.0,0.0,0.0,0.0,2018-12-25
12/26/2017,136.0,45.0,0.0,46.0,0.0,78.0,2017-12-26
12/26/2018,42.0,1.0,0.0,97.0,0.0,40.0,2018-12-26
12/27/2017,63.0,27.0,0.0,35.0,0.0,57.0,2017-12-27
12/27/2018,32.0,0.0,0.0,0.0,0.0,21.0,2018-12-27
12/28/2017,362.0,107.0,0.0,117.0,0.0,72.0,2017-12-28
12/28/2018,787.0,46.0,0.0,49.0,0.0,724.0,2018-12-28
12/29/2017,120.0,3.0,0.0,130.0,0.0,15.0,2017-12-29
12/29/2018,187.0,130.0,0.0,26.0,0.0,19.0,2018-12-29
12/30/2017,47.0,4.0,0.0,108.0,0.0,58.0,2017-12-30
12/30/2018,34.0,54.0,0.0,39.0,0.0,0.0,2018-12-30
12/31/2017,61.0,8.0,0.0,81.0,0.0,64.0,2017-12-31
12/31/2018,-37.0,0.0,0.0,52.0,0.0,0.0,2018-12-31
