Date (MM/DD/YYYY),Scheduled elapsed time (Minutes),Actual elapsed time (Minutes),Departure delay (Minutes),Delay Carrier (Minutes),Delay Weather (Minutes),Delay National Aviation System (Minutes),Delay Security (Minutes),Delay Late Aircraft Arrival (Minutes),Date
01/01/2017,16021.0,15485.0,1324.0,1243.0,0.0,198.0,0.0,71.0,2017-01-01
01/01/2018,13304.0,12787.0,1032.0,817.0,5.0,88.0,0.0,25.0,2018-01-01
01/01/2019,12652.0,12354.0,58.0,109.0,0.0,226.0,0.0,19.0,2019-01-01
01/02/2017,16023.0,16175.0,800.0,181.0,0.0,597.0,0.0,280.0,2017-01-02
01/02/2018,13592.0,12441.0,157.0,50.0,0.0,24.0,0.0,0.0,2018-01-02
01/02/2019,14129.0,13716.0,71.0,79.0,0.0,241.0,0.0,0.0,2019-01-02
01/03/2017,14273.0,14015.0,1779.0,847.0,0.0,451.0,24.0,734.0,2017-01-03
01/03/2018,13592.0,12876.0,169.0,21.0,0.0,57.0,0.0,165.0,2018-01-03
01/03/2019,14129.0,13329.0,551.0,6.0,0.0,42.0,0.0,463.0,2019-01-03
01/04/2017,13572.0,13261.0,223.0,299.0,0.0,40.0,0.0,0.0,2017-01-04
01/04/2018,13592.0,1621.0,55.0,0.0,17.0,90.0,0.0,0.0,2018-01-04
01/04/2019,14129.0,13032.0,197.0,16.0,0.0,46.0,0.0,112.0,2019-01-04
01/05/2017,14785.0,15169.0,286.0,318.0,0.0,424.0,11.0,15.0,2017-01-05
01/05/2018,13592.0,7326.0,2234.0,65.0,1691.0,549.0,0.0,326.0,2018-01-05
01/05/2019,11877.0,11323.0,847.0,744.0,0.0,193.0,0.0,14.0,2019-01-05
01/06/2017,14796.0,14816.0,518.0,351.0,26.0,325.0,0.0,104.0,2017-01-06
01/06/2018,11120.0,9102.0,1608.0,163.0,602.0,106.0,0.0,441.0,2018-01-06
01/06/2019,13970.0,13911.0,319.0,91.0,0.0,404.0,0.0,193.0,2019-01-06
01/07/2017,14375.0,9860.0,2063.0,62.0,1541.0,887.0,0.0,472.0,2017-01-07
01/07/2018,13674.0,12846.0,1195.0,146.0,170.0,67.0,0.0,280.0,2018-01-07
01/07/2019,14488.0,14202.0,52.0,45.0,72.0,63.0,0.0,99.0,2019-01-07
01/08/2017,15190.0,14483.0,2715.0,1123.0,806.0,749.0,0.0,298.0,2017-01-08
01/08/2018,13462.0,11454.0,637.0,79.0,348.0,204.0,0.0,83.0,2018-01-08
01/08/2019,13352.0,13095.0,317.0,2.0,0.0,356.0,0.0,151.0,2019-01-08
01/09/2017,13742.0,13305.0,881.0,417.0,0.0,281.0,0.0,259.0,2017-01-09
01/09/2018,12449.0,11974.0,534.0,129.0,0.0,260.0,45.0,104.0,2018-01-09
01/09/2019,13704.0,13468.0,272.0,81.0,0.0,122.0,0.0,254.0,2019-01-09
01/10/2017,12118.0,11735.0,167.0,35.0,0.0,408.0,0.0,92.0,2017-01-10
01/10/2018,13410.0,12713.0,133.0,111.0,0.0,78.0,0.0,0.0,2018-01-10
01/10/2019,14743.0,14586.0,98.0,109.0,0.0,138.0,0.0,141.0,2019-01-10
01/11/2017,13682.0,14058.0,115.0,158.0,12.0,501.0,0.0,59.0,2017-01-11
01/11/2018,13596.0,12822.0,379.0,237.0,0.0,51.0,0.0,126.0,2018-01-11
01/11/2019,14743.0,14543.0,270.0,156.0,0.0,51.0,0.0,218.0,2019-01-11
01/12/2017,14294.0,14400.0,190.0,83.0,0.0,417.0,0.0,139.0,2017-01-12
01/12/2018,13596.0,12570.0,3008.0,1501.0,0.0,214.0,0.0,778.0,2018-01-12
01/12/2019,10355.0,9517.0,-157.0,0.0,0.0,49.0,0.0,0.0,2019-01-12
01/13/2017,12687.0,12732.0,-60.0,86.0,0.0,243.0,0.0,0.0,2017-01-13
01/13/2018,10492.0,9802.0,-115.0,0.0,0.0,0.0,0.0,0.0,2018-01-13
01/13/2019,13740.0,12791.0,217.0,218.0,0.0,8.0,0.0,39.0,2019-01-13
01/14/2017,10367.0,10468.0,649.0,70.0,636.0,287.0,0.0,25.0,2017-01-14
01/14/2018,13596.0,12525.0,229.0,38.0,10.0,3.0,0.0,218.0,2018-01-14
01/14/2019,14488.0,13753.0,222.0,187.0,0.0,85.0,0.0,0.0,2019-01-14
01/15/2017,13146.0,12905.0,349.0,235.0,0.0,230.0,0.0,59.0,2017-01-15
01/15/2018,13462.0,12121.0,-55.0,27.0,0.0,28.0,0.0,0.0,2018-01-15
01/15/2019,13352.0,12742.0,123.0,206.0,0.0,84.0,0.0,0.0,2019-01-15
01/16/2017,13746.0,12839.0,175.0,155.0,0.0,18.0,0.0,114.0,2017-01-16
01/16/2018,12641.0,11394.0,-116.0,0.0,0.0,0.0,0.0,0.0,2018-01-16
01/16/2019,13704.0,13344.0,76.0,0.0,0.0,241.0,0.0,0.0,2019-01-16
01/17/2017,11914.0,10803.0,477.0,347.0,0.0,55.0,0.0,0.0,2017-01-17
01/17/2018,13410.0,11884.0,136.0,81.0,0.0,38.0,0.0,82.0,2018-01-17
01/17/2019,14743.0,14472.0,127.0,165.0,0.0,71.0,0.0,17.0,2019-01-17
01/18/2017,13696.0,12491.0,452.0,58.0,0.0,158.0,0.0,65.0,2017-01-18
01/18/2018,13596.0,11824.0,752.0,424.0,0.0,0.0,0.0,150.0,2018-01-18
01/18/2019,14743.0,14557.0,-30.0,0.0,22.0,225.0,0.0,4.0,2019-01-18
01/19/2017,14294.0,13151.0,162.0,112.0,0.0,13.0,0.0,36.0,2017-01-19
01/19/2018,13596.0,12335.0,21.0,1.0,0.0,0.0,0.0,133.0,2018-01-19
01/19/2019,9153.0,8873.0,294.0,10.0,0.0,376.0,0.0,6.0,2019-01-19
01/20/2017,12687.0,11889.0,148.0,28.0,0.0,168.0,0.0,30.0,2017-01-20
01/20/2018,10492.0,9637.0,-25.0,77.0,0.0,15.0,0.0,0.0,2018-01-20
01/20/2019,9298.0,9519.0,1744.0,1525.0,0.0,384.0,0.0,272.0,2019-01-20
01/21/2017,10367.0,9702.0,143.0,19.0,0.0,47.0,0.0,183.0,2017-01-21
01/21/2018,13596.0,12624.0,137.0,98.0,0.0,109.0,0.0,159.0,2018-01-21
01/21/2019,12106.0,12093.0,1180.0,565.0,165.0,746.0,0.0,82.0,2019-01-21
01/22/2017,14293.0,14549.0,574.0,86.0,0.0,939.0,0.0,100.0,2017-01-22
01/22/2018,13462.0,11841.0,301.0,252.0,0.0,0.0,0.0,38.0,2018-01-22
01/22/2019,13352.0,12540.0,667.0,241.0,0.0,342.0,0.0,46.0,2019-01-22
01/23/2017,13746.0,12890.0,1466.0,134.0,0.0,1279.0,14.0,254.0,2017-01-23
01/23/2018,12641.0,11999.0,-21.0,123.0,0.0,67.0,0.0,0.0,2018-01-23
01/23/2019,13704.0,13529.0,252.0,171.0,0.0,62.0,0.0,86.0,2019-01-23
01/24/2017,11914.0,11317.0,-35.0,29.0,0.0,55.0,0.0,0.0,2017-01-24
01/24/2018,13410.0,12780.0,108.0,47.0,0.0,126.0,0.0,73.0,2018-01-24
01/24/2019,14743.0,15042.0,1233.0,392.0,0.0,725.0,0.0,671.0,2019-01-24
01/25/2017,13696.0,13491.0,-45.0,0.0,0.0,119.0,0.0,160.0,2017-01-25
01/25/2018,13596.0,12990.0,265.0,154.0,0.0,20.0,0.0,132.0,2018-01-25
01/25/2019,14743.0,14433.0,18.0,86.0,0.0,31.0,0.0,44.0,2019-01-25
01/26/2017,14294.0,13691.0,-68.0,76.0,0.0,141.0,0.0,8.0,2017-01-26
01/26/2018,13596.0,12976.0,-27.0,67.0,0.0,89.0,0.0,0.0,2018-01-26
01/26/2019,10355.0,9791.0,1.0,79.0,0.0,54.0,0.0,0.0,2019-01-26
01/27/2017,12687.0,11712.0,-52.0,41.0,0.0,18.0,0.0,7.0,2017-01-27
01/27/2018,10492.0,10088.0,-21.0,151.0,0.0,53.0,0.0,0.0,2018-01-27
01/27/2019,13740.0,13675.0,-50.0,24.0,0.0,206.0,0.0,22.0,2019-01-27
01/28/2017,10367.0,9363.0,1283.0,1229.0,0.0,0.0,0.0,120.0,2017-01-28
01/28/2018,13596.0,12920.0,-129.0,45.0,0.0,21.0,0.0,0.0,2018-01-28
01/28/2019,14488.0,13715.0,235.0,193.0,0.0,193.0,0.0,31.0,2019-01-28
01/29/2017,14293.0,13486.0,96.0,171.0,0.0,151.0,0.0,38.0,2017-01-29
01/29/2018,13462.0,12556.0,38.0,42.0,9.0,49.0,0.0,84.0,2018-01-29
01/29/2019,13352.0,12772.0,-234.0,0.0,0.0,19.0,0.0,0.0,2019-01-29
01/30/2017,13746.0,13002.0,-125.0,80.0,0.0,0.0,0.0,0.0,2017-01-30
01/30/2018,12641.0,11892.0,136.0,160.0,0.0,83.0,0.0,22.0,2018-01-30
01/30/2019,13704.0,13466.0,1112.0,75.0,551.0,620.0,0.0,564.0,2019-01-30
01/31/2017,11914.0,11719.0,655.0,583.0,24.0,347.0,0.0,129.0,2017-01-31
01/31/2018,13410.0,12474.0,175.0,187.0,0.0,83.0,0.0,111.0,2018-01-31
01/31/2019,14743.0,14024.0,515.0,175.0,128.0,144.0,0.0,24.0,2019-01-31
02/01/2017,13682.0,13789.0,199.0,203.0,0.0,402.0,0.0,98.0,2017-02-01
02/01/2018,13391.0,12993.0,30.0,18.0,0.0,127.0,0.0,17.0,2018-02-01
02/01/2019,14265.0,13434.0,389.0,170.0,7.0,179.0,0.0,41.0,2019-02-01
02/02/2017,14280.0,14794.0,143.0,99.0,0.0,743.0,0.0,27.0,2017-02-02
02/02/2018,13471.0,13761.0,312.0,37.0,0.0,353.0,0.0,351.0,2018-02-02
02/02/2019,9877.0,9245.0,30.0,62.0,0.0,16.0,0.0,0.0,2019-02-02
02/03/2017,12667.0,13099.0,148.0,209.0,0.0,483.0,0.0,0.0,2017-02-03
02/03/2018,10128.0,9500.0,38.0,121.0,0.0,0.0,0.0,0.0,2018-02-03
02/03/2019,13262.0,12435.0,99.0,54.0,0.0,48.0,0.0,77.0,2019-02-03
02/04/2017,10367.0,10146.0,178.0,35.0,0.0,97.0,0.0,310.0,2017-02-04
02/04/2018,13232.0,12727.0,266.0,257.0,0.0,103.0,0.0,72.0,2018-02-04
02/04/2019,14010.0,13084.0,772.0,59.0,0.0,136.0,0.0,632.0,2019-02-04
02/05/2017,13120.0,12394.0,-128.0,36.0,0.0,53.0,0.0,0.0,2017-02-05
02/05/2018,13452.0,13114.0,-34.0,56.0,0.0,67.0,0.0,85.0,2018-02-05
02/05/2019,13352.0,13004.0,82.0,117.0,0.0,116.0,0.0,45.0,2019-02-05
02/06/2017,13746.0,13612.0,965.0,288.0,0.0,500.0,0.0,340.0,2017-02-06
02/06/2018,12641.0,12112.0,-145.0,0.0,0.0,15.0,0.0,33.0,2018-02-06
02/06/2019,13704.0,13414.0,-34.0,32.0,0.0,96.0,0.0,84.0,2019-02-06
02/07/2017,11914.0,11840.0,260.0,96.0,1.0,503.0,0.0,37.0,2017-02-07
02/07/2018,13410.0,13571.0,1020.0,949.0,11.0,323.0,0.0,83.0,2018-02-07
02/07/2019,14743.0,14588.0,123.0,145.0,0.0,118.0,0.0,33.0,2019-02-07
02/08/2017,13682.0,13476.0,128.0,85.0,32.0,236.0,0.0,0.0,2017-02-08
02/08/2018,13596.0,13195.0,38.0,63.0,0.0,62.0,0.0,27.0,2018-02-08
02/08/2019,14743.0,15012.0,93.0,73.0,0.0,966.0,0.0,120.0,2019-02-08
02/09/2017,14280.0,2822.0,438.0,0.0,291.0,96.0,0.0,95.0,2017-02-09
02/09/2018,13596.0,13084.0,844.0,637.0,28.0,79.0,0.0,110.0,2018-02-09
02/09/2019,10355.0,10651.0,107.0,230.0,0.0,329.0,0.0,0.0,2019-02-09
02/10/2017,12673.0,10183.0,541.0,179.0,0.0,169.0,8.0,136.0,2017-02-10
02/10/2018,10492.0,10220.0,44.0,39.0,0.0,100.0,0.0,57.0,2018-02-10
02/10/2019,13740.0,14002.0,300.0,150.0,0.0,483.0,0.0,122.0,2019-02-10
02/11/2017,10367.0,9816.0,776.0,15.0,685.0,42.0,0.0,197.0,2017-02-11
02/11/2018,13596.0,13382.0,971.0,295.0,0.0,172.0,0.0,513.0,2018-02-11
02/11/2019,14488.0,14289.0,487.0,267.0,45.0,123.0,0.0,144.0,2019-02-11
02/12/2017,14279.0,14643.0,475.0,113.0,315.0,638.0,0.0,67.0,2017-02-12
02/12/2018,13462.0,13056.0,-109.0,43.0,0.0,145.0,5.0,0.0,2018-02-12
02/12/2019,13352.0,10941.0,199.0,28.0,110.0,389.0,0.0,110.0,2019-02-12
02/13/2017,13746.0,13486.0,535.0,275.0,0.0,186.0,0.0,229.0,2017-02-13
02/13/2018,12640.0,11859.0,-133.0,0.0,0.0,0.0,0.0,0.0,2018-02-13
02/13/2019,13704.0,14339.0,348.0,164.0,0.0,900.0,0.0,3.0,2019-02-13
02/14/2017,11914.0,11349.0,43.0,222.0,0.0,9.0,0.0,0.0,2017-02-14
02/14/2018,13410.0,12858.0,141.0,45.0,0.0,48.0,1.0,60.0,2018-02-14
02/14/2019,15505.0,14181.0,787.0,314.0,0.0,519.0,0.0,249.0,2019-02-14
02/15/2017,13681.0,12745.0,744.0,507.0,0.0,178.0,0.0,93.0,2017-02-15
02/15/2018,14174.0,13597.0,307.0,69.0,0.0,315.0,2.0,61.0,2018-02-15
02/15/2019,15505.0,15684.0,1113.0,556.0,17.0,334.0,0.0,392.0,2019-02-15
02/16/2017,14634.0,13509.0,1162.0,921.0,0.0,110.0,0.0,146.0,2017-02-16
02/16/2018,14425.0,14381.0,367.0,242.0,0.0,666.0,0.0,127.0,2018-02-16
02/16/2019,11827.0,11656.0,208.0,118.0,0.0,144.0,0.0,142.0,2019-02-16
02/17/2017,14236.0,13510.0,1360.0,22.0,0.0,1041.0,0.0,147.0,2017-02-17
02/17/2018,11075.0,10866.0,105.0,37.0,59.0,317.0,0.0,55.0,2018-02-17
02/17/2019,15101.0,15175.0,688.0,253.0,0.0,461.0,11.0,346.0,2019-02-17
02/18/2017,11711.0,10854.0,488.0,156.0,0.0,27.0,0.0,149.0,2017-02-18
02/18/2018,13401.0,13202.0,196.0,204.0,0.0,236.0,0.0,0.0,2018-02-18
02/18/2019,15505.0,15974.0,329.0,209.0,0.0,531.0,0.0,251.0,2019-02-18
02/19/2017,13415.0,12717.0,399.0,205.0,0.0,407.0,0.0,0.0,2017-02-19
02/19/2018,13815.0,13170.0,12.0,13.0,0.0,62.0,0.0,77.0,2018-02-19
02/19/2019,14960.0,14982.0,95.0,145.0,0.0,216.0,0.0,30.0,2019-02-19
02/20/2017,14636.0,13859.0,324.0,16.0,0.0,429.0,0.0,0.0,2017-02-20
02/20/2018,13815.0,12567.0,20.0,33.0,0.0,104.0,0.0,18.0,2018-02-20
02/20/2019,14960.0,12322.0,660.0,124.0,372.0,874.0,0.0,233.0,2019-02-20
02/21/2017,13765.0,13125.0,-101.0,40.0,0.0,61.0,0.0,4.0,2017-02-21
02/21/2018,13815.0,13093.0,188.0,78.0,0.0,0.0,0.0,92.0,2018-02-21
02/21/2019,15505.0,15985.0,-57.0,35.0,5.0,419.0,0.0,71.0,2019-02-21
02/22/2017,14636.0,14483.0,264.0,226.0,0.0,313.0,0.0,0.0,2017-02-22
02/22/2018,13815.0,13287.0,77.0,66.0,0.0,10.0,0.0,69.0,2018-02-22
02/22/2019,15505.0,14734.0,756.0,811.0,0.0,183.0,0.0,37.0,2019-02-22
02/23/2017,14633.0,14224.0,188.0,29.0,0.0,221.0,26.0,150.0,2017-02-23
02/23/2018,14425.0,13966.0,1134.0,203.0,824.0,105.0,0.0,139.0,2018-02-23
02/23/2019,14205.0,14263.0,-29.0,83.0,0.0,190.0,0.0,18.0,2019-02-23
02/24/2017,14240.0,14035.0,71.0,81.0,0.0,206.0,0.0,73.0,2017-02-24
02/24/2018,11075.0,10900.0,-6.0,35.0,0.0,83.0,0.0,36.0,2018-02-24
02/24/2019,15505.0,15824.0,480.0,377.0,0.0,282.0,0.0,175.0,2019-02-24
02/25/2017,11711.0,12290.0,3482.0,2207.0,0.0,1733.0,0.0,266.0,2017-02-25
02/25/2018,14174.0,13646.0,-63.0,39.0,0.0,64.0,0.0,24.0,2018-02-25
02/25/2019,15505.0,15754.0,366.0,114.0,0.0,397.0,0.0,234.0,2019-02-25
02/26/2017,14627.0,14805.0,75.0,55.0,0.0,276.0,10.0,107.0,2017-02-26
02/26/2018,13815.0,13799.0,-123.0,57.0,0.0,132.0,0.0,0.0,2018-02-26
02/26/2019,14707.0,14572.0,736.0,257.0,0.0,462.0,0.0,186.0,2019-02-26
02/27/2017,14633.0,15017.0,-51.0,17.0,0.0,404.0,0.0,83.0,2017-02-27
02/27/2018,13815.0,13435.0,-176.0,0.0,0.0,27.0,0.0,0.0,2018-02-27
02/27/2019,14960.0,14884.0,76.0,100.0,0.0,342.0,0.0,9.0,2019-02-27
02/28/2017,13765.0,13833.0,778.0,111.0,0.0,325.0,0.0,544.0,2017-02-28
02/28/2018,13815.0,13618.0,55.0,53.0,0.0,268.0,0.0,81.0,2018-02-28
02/28/2019,15505.0,15433.0,228.0,84.0,13.0,164.0,0.0,52.0,2019-02-28
03/01/2017,14734.0,14535.0,885.0,383.0,0.0,442.0,0.0,409.0,2017-03-01
03/01/2018,13815.0,13636.0,412.0,94.0,0.0,487.0,0.0,0.0,2018-03-01
03/01/2019,15505.0,15943.0,113.0,35.0,34.0,427.0,0.0,66.0,2019-03-01
03/02/2017,14734.0,15100.0,1112.0,308.0,0.0,759.0,0.0,513.0,2017-03-02
03/02/2018,14066.0,5072.0,1343.0,57.0,1.0,200.0,0.0,1034.0,2018-03-02
03/02/2019,11827.0,12552.0,894.0,217.0,546.0,860.0,0.0,94.0,2019-03-02
03/03/2017,14336.0,14972.0,775.0,324.0,0.0,812.0,0.0,299.0,2017-03-03
03/03/2018,10716.0,8548.0,506.0,272.0,0.0,0.0,0.0,74.0,2018-03-03
03/03/2019,14974.0,13956.0,506.0,173.0,254.0,736.0,0.0,32.0,2019-03-03
03/04/2017,11793.0,11850.0,-19.0,63.0,0.0,183.0,0.0,0.0,2017-03-04
03/04/2018,13939.0,13375.0,43.0,73.0,0.0,27.0,0.0,0.0,2018-03-04
03/04/2019,15367.0,11723.0,211.0,45.0,18.0,141.0,0.0,200.0,2019-03-04
03/05/2017,14942.0,14693.0,479.0,21.0,0.0,396.0,0.0,159.0,2017-03-05
03/05/2018,13380.0,12846.0,678.0,450.0,0.0,91.0,0.0,76.0,2018-03-05
03/05/2019,14834.0,14912.0,258.0,131.0,0.0,292.0,0.0,112.0,2019-03-05
03/06/2017,14741.0,14494.0,661.0,203.0,0.0,460.0,0.0,297.0,2017-03-06
03/06/2018,13387.0,12370.0,190.0,142.0,0.0,0.0,0.0,0.0,2018-03-06
03/06/2019,14834.0,15370.0,594.0,247.0,10.0,723.0,0.0,220.0,2019-03-06
03/07/2017,13857.0,13645.0,450.0,141.0,0.0,340.0,0.0,104.0,2017-03-07
03/07/2018,13793.0,7570.0,530.0,189.0,134.0,282.0,0.0,203.0,2018-03-07
03/07/2019,15367.0,15572.0,47.0,64.0,0.0,384.0,0.0,29.0,2019-03-07
03/08/2017,14741.0,14734.0,113.0,86.0,0.0,341.0,0.0,0.0,2017-03-08
03/08/2018,13793.0,13030.0,290.0,134.0,0.0,76.0,0.0,31.0,2018-03-08
03/08/2019,15367.0,14862.0,228.0,227.0,0.0,60.0,0.0,0.0,2019-03-08
03/09/2017,14741.0,14662.0,166.0,27.0,0.0,238.0,0.0,87.0,2017-03-09
03/09/2018,13379.0,12784.0,186.0,91.0,0.0,0.0,0.0,79.0,2018-03-09
03/09/2019,11708.0,11642.0,249.0,45.0,0.0,345.0,0.0,108.0,2019-03-09
03/10/2017,14343.0,14573.0,182.0,76.0,1.0,598.0,0.0,173.0,2017-03-10
03/10/2018,10502.0,10089.0,497.0,440.0,0.0,38.0,0.0,112.0,2018-03-10
03/10/2019,14971.0,15429.0,357.0,80.0,19.0,834.0,0.0,187.0,2019-03-10
03/11/2017,11800.0,11777.0,479.0,445.0,0.0,175.0,0.0,35.0,2017-03-11
03/11/2018,13536.0,12668.0,273.0,128.0,0.0,37.0,0.0,92.0,2018-03-11
03/11/2019,15367.0,15182.0,384.0,374.0,0.0,197.0,0.0,159.0,2019-03-11
03/12/2017,14942.0,14960.0,1487.0,775.0,39.0,246.0,0.0,729.0,2017-03-12
03/12/2018,13380.0,12430.0,210.0,1.0,0.0,23.0,0.0,193.0,2018-03-12
03/12/2019,14834.0,14420.0,234.0,195.0,0.0,106.0,0.0,121.0,2019-03-12
03/13/2017,14741.0,13691.0,577.0,197.0,0.0,157.0,0.0,214.0,2017-03-13
03/13/2018,13387.0,12651.0,-123.0,0.0,0.0,50.0,0.0,0.0,2018-03-13
03/13/2019,14834.0,13995.0,356.0,53.0,0.0,247.0,0.0,97.0,2019-03-13
03/14/2017,13857.0,0.0,0.0,0.0,0.0,0.0,0.0,0.0,2017-03-14
03/14/2018,13793.0,12827.0,20.0,51.0,0.0,30.0,0.0,0.0,2018-03-14
03/14/2019,15367.0,14494.0,482.0,212.0,0.0,113.0,0.0,175.0,2019-03-14
03/15/2017,14741.0,8258.0,331.0,51.0,0.0,28.0,0.0,118.0,2017-03-15
03/15/2018,13793.0,12973.0,122.0,4.0,0.0,92.0,0.0,15.0,2018-03-15
03/15/2019,15367.0,15500.0,2189.0,1438.0,0.0,1103.0,0.0,270.0,2019-03-15
03/16/2017,14741.0,14296.0,561.0,187.0,0.0,145.0,0.0,175.0,2017-03-16
03/16/2018,13379.0,13093.0,404.0,114.0,0.0,303.0,0.0,121.0,2018-03-16
03/16/2019,11708.0,11398.0,426.0,333.0,0.0,156.0,0.0,2.0,2019-03-16
03/17/2017,14343.0,13832.0,416.0,280.0,0.0,81.0,0.0,79.0,2017-03-17
03/17/2018,10517.0,9838.0,-70.0,0.0,0.0,0.0,0.0,0.0,2018-03-17
03/17/2019,14971.0,14224.0,183.0,151.0,0.0,59.0,0.0,90.0,2019-03-17
03/18/2017,11800.0,10785.0,1234.0,1000.0,19.0,34.0,0.0,62.0,2017-03-18
03/18/2018,13551.0,12694.0,619.0,221.0,0.0,1.0,0.0,227.0,2018-03-18
03/18/2019,15367.0,14787.0,39.0,120.0,0.0,0.0,0.0,19.0,2019-03-18
03/19/2017,14942.0,13888.0,192.0,40.0,0.0,35.0,0.0,127.0,2017-03-19
03/19/2018,13395.0,12732.0,234.0,32.0,0.0,27.0,0.0,102.0,2018-03-19
03/19/2019,14834.0,13709.0,-33.0,18.0,0.0,87.0,24.0,47.0,2019-03-19
03/20/2017,14741.0,13821.0,1185.0,714.0,0.0,451.0,0.0,165.0,2017-03-20
03/20/2018,13402.0,13232.0,1051.0,110.0,471.0,607.0,0.0,74.0,2018-03-20
03/20/2019,14834.0,13566.0,321.0,55.0,0.0,66.0,0.0,145.0,2019-03-20
03/21/2017,13857.0,13450.0,-42.0,11.0,0.0,127.0,0.0,35.0,2017-03-21
03/21/2018,13793.0,5287.0,201.0,0.0,86.0,162.0,0.0,0.0,2018-03-21
03/21/2019,13167.0,12798.0,166.0,194.0,0.0,141.0,0.0,0.0,2019-03-21
03/22/2017,14741.0,14405.0,3.0,104.0,0.0,68.0,0.0,44.0,2017-03-22
03/22/2018,13808.0,10045.0,611.0,45.0,0.0,174.0,0.0,293.0,2018-03-22
03/22/2019,13167.0,12608.0,64.0,25.0,0.0,68.0,0.0,26.0,2019-03-22
03/23/2017,14741.0,13928.0,101.0,64.0,0.0,11.0,29.0,0.0,2017-03-23
03/23/2018,13394.0,12968.0,574.0,196.0,0.0,71.0,0.0,261.0,2018-03-23
03/23/2019,9648.0,9156.0,-42.0,21.0,0.0,45.0,0.0,22.0,2019-03-23
03/24/2017,14343.0,13510.0,1429.0,555.0,0.0,225.0,0.0,556.0,2017-03-24
03/24/2018,10711.0,10317.0,296.0,227.0,0.0,52.0,0.0,0.0,2018-03-24
03/24/2019,12771.0,12340.0,351.0,447.0,0.0,105.0,0.0,0.0,2019-03-24
03/25/2017,11800.0,10915.0,287.0,114.0,0.0,56.0,0.0,67.0,2017-03-25
03/25/2018,13553.0,12953.0,-81.0,16.0,0.0,61.0,0.0,17.0,2018-03-25
03/25/2019,13167.0,12662.0,610.0,267.0,0.0,119.0,0.0,269.0,2019-03-25
03/26/2017,14945.0,13987.0,2507.0,1304.0,0.0,213.0,0.0,876.0,2017-03-26
03/26/2018,13397.0,12589.0,185.0,8.0,0.0,63.0,0.0,130.0,2018-03-26
03/26/2019,12804.0,11497.0,91.0,75.0,0.0,8.0,0.0,34.0,2019-03-26
03/27/2017,14744.0,14506.0,468.0,236.0,0.0,165.0,0.0,103.0,2017-03-27
03/27/2018,13389.0,12230.0,-83.0,0.0,0.0,38.0,0.0,0.0,2018-03-27
03/27/2019,12634.0,11556.0,750.0,163.0,0.0,61.0,0.0,538.0,2019-03-27
03/28/2017,13860.0,13362.0,3218.0,1814.0,0.0,215.0,0.0,1198.0,2017-03-28
03/28/2018,13810.0,13094.0,207.0,73.0,0.0,37.0,0.0,50.0,2018-03-28
03/28/2019,13167.0,12301.0,175.0,53.0,0.0,106.0,0.0,101.0,2019-03-28
03/29/2017,14744.0,13972.0,260.0,105.0,0.0,15.0,0.0,170.0,2017-03-29
03/29/2018,13810.0,13199.0,154.0,28.0,0.0,84.0,0.0,40.0,2018-03-29
03/29/2019,13167.0,12668.0,-52.0,13.0,0.0,50.0,0.0,0.0,2019-03-29
03/30/2017,14744.0,14782.0,302.0,49.0,0.0,510.0,0.0,158.0,2017-03-30
03/30/2018,13396.0,13280.0,110.0,106.0,0.0,191.0,0.0,77.0,2018-03-30
03/30/2019,9869.0,9356.0,14.0,65.0,0.0,42.0,0.0,45.0,2019-03-30
03/31/2017,14346.0,13368.0,3667.0,2039.0,0.0,201.0,13.0,882.0,2017-03-31
03/31/2018,10110.0,9867.0,-80.0,0.0,0.0,61.0,0.0,0.0,2018-03-31
03/31/2019,12774.0,12390.0,65.0,64.0,0.0,104.0,0.0,71.0,2019-03-31
04/01/2017,11803.0,10655.0,640.0,292.0,0.0,211.0,0.0,88.0,2017-04-01
04/01/2018,13536.0,13183.0,-107.0,45.0,0.0,109.0,0.0,0.0,2018-04-01
04/01/2019,12991.0,12345.0,87.0,75.0,0.0,6.0,0.0,95.0,2019-04-01
04/02/2017,14945.0,14754.0,606.0,209.0,0.0,366.0,0.0,276.0,2017-04-02
04/02/2018,13170.0,12712.0,582.0,342.0,71.0,132.0,0.0,28.0,2018-04-02
04/02/2019,13299.0,13224.0,-46.0,51.0,0.0,167.0,0.0,0.0,2019-04-02
04/03/2017,14744.0,13464.0,997.0,577.0,0.0,107.0,0.0,308.0,2017-04-03
04/03/2018,13217.0,13862.0,1090.0,911.0,0.0,722.0,0.0,170.0,2018-04-03
04/03/2019,12209.0,12058.0,17.0,1.0,0.0,229.0,0.0,116.0,2019-04-03
04/04/2017,12691.0,12616.0,753.0,273.0,0.0,274.0,0.0,395.0,2017-04-04
04/04/2018,13307.0,13816.0,135.0,72.0,17.0,464.0,0.0,135.0,2018-04-04
04/04/2019,12462.0,12273.0,483.0,44.0,0.0,279.0,0.0,271.0,2019-04-04
04/05/2017,13551.0,13323.0,697.0,230.0,0.0,699.0,0.0,170.0,2017-04-05
04/05/2018,13307.0,13309.0,567.0,405.0,0.0,161.0,73.0,207.0,2018-04-05
04/05/2019,12643.0,12134.0,439.0,121.0,0.0,53.0,0.0,169.0,2019-04-05
04/06/2017,13944.0,12841.0,3401.0,820.0,386.0,721.0,0.0,2009.0,2017-04-06
04/06/2018,13307.0,12960.0,549.0,15.0,0.0,619.0,0.0,205.0,2018-04-06
04/06/2019,10884.0,9921.0,166.0,114.0,0.0,59.0,0.0,42.0,2019-04-06
04/07/2017,13556.0,13826.0,750.0,382.0,0.0,684.0,8.0,66.0,2017-04-07
04/07/2018,10357.0,10175.0,12.0,76.0,0.0,43.0,0.0,8.0,2018-04-07
04/07/2019,12388.0,12210.0,598.0,326.0,0.0,231.0,0.0,227.0,2019-04-07
04/08/2017,10705.0,10272.0,-37.0,0.0,0.0,42.0,0.0,33.0,2017-04-08
04/08/2018,13231.0,13115.0,79.0,129.0,0.0,181.0,17.0,46.0,2018-04-08
04/08/2019,12462.0,11522.0,476.0,13.0,0.0,146.0,0.0,336.0,2019-04-08
04/09/2017,14137.0,14010.0,614.0,329.0,0.0,342.0,0.0,58.0,2017-04-09
04/09/2018,13307.0,12739.0,711.0,165.0,0.0,15.0,0.0,505.0,2018-04-09
04/09/2019,12562.0,12474.0,0.0,0.0,0.0,89.0,0.0,100.0,2019-04-09
04/10/2017,13157.0,12758.0,549.0,68.0,0.0,243.0,23.0,270.0,2017-04-10
04/10/2018,13307.0,13039.0,-48.0,13.0,0.0,190.0,0.0,81.0,2018-04-10
04/10/2019,12562.0,11272.0,158.0,128.0,0.0,2.0,0.0,88.0,2019-04-10
04/11/2017,12689.0,12235.0,546.0,180.0,0.0,76.0,10.0,246.0,2017-04-11
04/11/2018,13307.0,13048.0,-120.0,0.0,0.0,75.0,0.0,0.0,2018-04-11
04/11/2019,12462.0,11731.0,54.0,33.0,0.0,0.0,0.0,0.0,2019-04-11
04/12/2017,13551.0,13519.0,50.0,87.0,0.0,255.0,0.0,0.0,2017-04-12
04/12/2018,13307.0,13144.0,28.0,146.0,0.0,85.0,0.0,14.0,2018-04-12
04/12/2019,12643.0,12921.0,243.0,261.0,0.0,571.0,0.0,90.0,2019-04-12
04/13/2017,13944.0,14019.0,2.0,84.0,0.0,159.0,0.0,51.0,2017-04-13
04/13/2018,13307.0,12784.0,80.0,38.0,0.0,164.0,0.0,8.0,2018-04-13
04/13/2019,10884.0,10396.0,767.0,271.0,0.0,306.0,0.0,337.0,2019-04-13
04/14/2017,13556.0,13027.0,73.0,115.0,0.0,37.0,0.0,36.0,2017-04-14
04/14/2018,10357.0,9834.0,-65.0,83.0,0.0,55.0,0.0,0.0,2018-04-14
04/14/2019,12388.0,13084.0,441.0,251.0,0.0,877.0,0.0,260.0,2019-04-14
04/15/2017,10705.0,10067.0,334.0,77.0,0.0,61.0,0.0,214.0,2017-04-15
04/15/2018,13231.0,13180.0,219.0,118.0,0.0,300.0,0.0,188.0,2018-04-15
04/15/2019,12462.0,12115.0,903.0,88.0,23.0,1190.0,0.0,513.0,2019-04-15
04/16/2017,14137.0,14208.0,57.0,27.0,0.0,373.0,0.0,124.0,2017-04-16
04/16/2018,13307.0,13225.0,1624.0,272.0,0.0,792.0,0.0,951.0,2018-04-16
04/16/2019,12562.0,11399.0,578.0,86.0,0.0,46.0,0.0,360.0,2019-04-16
04/17/2017,13157.0,13283.0,9.0,22.0,0.0,255.0,29.0,73.0,2017-04-17
04/17/2018,13307.0,12904.0,456.0,478.0,0.0,30.0,0.0,19.0,2018-04-17
04/17/2019,12379.0,11665.0,174.0,72.0,0.0,18.0,0.0,85.0,2019-04-17
04/18/2017,12689.0,12034.0,625.0,51.0,0.0,101.0,0.0,550.0,2017-04-18
04/18/2018,13307.0,12913.0,-51.0,118.0,0.0,70.0,0.0,0.0,2018-04-18
04/18/2019,12462.0,12503.0,352.0,207.0,0.0,289.0,0.0,112.0,2019-04-18
04/19/2017,13551.0,12588.0,1339.0,188.0,0.0,115.0,0.0,980.0,2017-04-19
04/19/2018,13307.0,13220.0,349.0,89.0,0.0,88.0,0.0,271.0,2018-04-19
04/19/2019,12236.0,10258.0,1200.0,329.0,0.0,341.0,0.0,539.0,2019-04-19
04/20/2017,13944.0,14298.0,626.0,134.0,0.0,634.0,0.0,495.0,2017-04-20
04/20/2018,13300.0,12723.0,-7.0,48.0,0.0,14.0,0.0,0.0,2018-04-20
04/20/2019,9754.0,9282.0,381.0,27.0,0.0,40.0,0.0,222.0,2019-04-20
04/21/2017,13556.0,14058.0,932.0,466.0,0.0,807.0,0.0,229.0,2017-04-21
04/21/2018,10357.0,9734.0,-137.0,0.0,0.0,29.0,0.0,4.0,2018-04-21
04/21/2019,11179.0,10414.0,654.0,200.0,0.0,0.0,0.0,322.0,2019-04-21
04/22/2017,10705.0,10576.0,875.0,105.0,0.0,282.0,0.0,670.0,2017-04-22
04/22/2018,12833.0,12125.0,-157.0,15.0,0.0,7.0,0.0,14.0,2018-04-22
04/22/2019,12462.0,11171.0,239.0,2.0,0.0,49.0,78.0,79.0,2019-04-22
04/23/2017,14137.0,14574.0,1712.0,261.0,0.0,1056.0,0.0,961.0,2017-04-23
04/23/2018,12909.0,11927.0,421.0,199.0,0.0,84.0,0.0,129.0,2018-04-23
04/23/2019,12562.0,11377.0,89.0,94.0,0.0,0.0,0.0,0.0,2019-04-23
04/24/2017,13157.0,13111.0,1547.0,87.0,0.0,641.0,0.0,880.0,2017-04-24
04/24/2018,13307.0,12467.0,40.0,33.0,0.0,44.0,0.0,119.0,2018-04-24
04/24/2019,12379.0,11443.0,127.0,40.0,0.0,5.0,0.0,107.0,2019-04-24
04/25/2017,12689.0,12251.0,2155.0,352.0,0.0,224.0,18.0,1471.0,2017-04-25
04/25/2018,13307.0,12542.0,1453.0,256.0,0.0,154.0,0.0,986.0,2018-04-25
04/25/2019,12555.0,11691.0,35.0,138.0,0.0,15.0,0.0,0.0,2019-04-25
04/26/2017,13566.0,13086.0,400.0,199.0,0.0,302.0,0.0,0.0,2017-04-26
04/26/2018,13307.0,12526.0,631.0,35.0,0.0,23.0,17.0,333.0,2018-04-26
04/26/2019,12825.0,12769.0,1948.0,522.0,1.0,1299.0,0.0,763.0,2019-04-26
04/27/2017,13959.0,13434.0,1611.0,333.0,0.0,222.0,0.0,1037.0,2017-04-27
04/27/2018,13307.0,12740.0,115.0,28.0,0.0,155.0,0.0,91.0,2018-04-27
04/27/2019,11086.0,10864.0,857.0,186.0,0.0,203.0,0.0,485.0,2019-04-27
04/28/2017,13571.0,14114.0,1242.0,691.0,0.0,807.0,0.0,324.0,2017-04-28
04/28/2018,10357.0,9935.0,96.0,71.0,0.0,50.0,0.0,74.0,2018-04-28
04/28/2019,12825.0,12519.0,14.0,31.0,0.0,110.0,0.0,39.0,2019-04-28
04/29/2017,10705.0,10589.0,316.0,51.0,29.0,350.0,0.0,59.0,2017-04-29
04/29/2018,13231.0,12583.0,177.0,90.0,0.0,0.0,0.0,119.0,2018-04-29
04/29/2019,12899.0,11760.0,5.0,37.0,0.0,32.0,0.0,19.0,2019-04-29
04/30/2017,14152.0,13204.0,1465.0,137.0,0.0,539.0,0.0,573.0,2017-04-30
04/30/2018,13307.0,12738.0,47.0,0.0,0.0,17.0,0.0,120.0,2018-04-30
04/30/2019,12646.0,12190.0,-187.0,20.0,0.0,76.0,0.0,0.0,2019-04-30
05/01/2017,13157.0,12863.0,981.0,352.0,0.0,353.0,0.0,341.0,2017-05-01
05/01/2018,13307.0,12562.0,-183.0,0.0,0.0,27.0,0.0,0.0,2018-05-01
05/01/2019,12637.0,12115.0,-15.0,17.0,0.0,24.0,0.0,0.0,2019-05-01
05/02/2017,12689.0,12976.0,141.0,221.0,0.0,376.0,0.0,0.0,2017-05-02
05/02/2018,13307.0,12796.0,297.0,58.0,0.0,262.0,0.0,161.0,2018-05-02
05/02/2019,13225.0,12927.0,12.0,106.0,0.0,176.0,0.0,0.0,2019-05-02
05/03/2017,13551.0,13587.0,29.0,74.0,0.0,202.0,0.0,0.0,2017-05-03
05/03/2018,13307.0,13001.0,379.0,139.0,0.0,360.0,0.0,81.0,2018-05-03
05/03/2019,10906.0,11060.0,193.0,167.0,0.0,378.0,0.0,67.0,2019-05-03
05/04/2017,13944.0,13312.0,1073.0,240.0,0.0,165.0,0.0,604.0,2017-05-04
05/04/2018,13132.0,12495.0,-34.0,16.0,0.0,18.0,0.0,0.0,2018-05-04
05/04/2019,10987.0,10472.0,235.0,120.0,0.0,85.0,0.0,151.0,2019-05-04
05/05/2017,13152.0,11958.0,2249.0,628.0,69.0,349.0,0.0,1052.0,2017-05-05
05/05/2018,10714.0,10023.0,-39.0,0.0,0.0,0.0,0.0,0.0,2018-05-05
05/05/2019,12141.0,12295.0,298.0,153.0,0.0,464.0,0.0,175.0,2019-05-05
05/06/2017,10682.0,10151.0,720.0,202.0,0.0,212.0,0.0,236.0,2017-05-06
05/06/2018,12442.0,11905.0,70.0,133.0,0.0,98.0,0.0,60.0,2018-05-06
05/06/2019,11631.0,11326.0,-34.0,65.0,0.0,192.0,0.0,13.0,2019-05-06
05/07/2017,13570.0,13595.0,235.0,122.0,0.0,402.0,2.0,82.0,2017-05-07
05/07/2018,12890.0,11850.0,-5.0,42.0,0.0,0.0,0.0,23.0,2018-05-07
05/07/2019,11800.0,11639.0,224.0,236.0,0.0,170.0,0.0,43.0,2019-05-07
05/08/2017,12768.0,12292.0,29.0,1.0,0.0,69.0,0.0,31.0,2017-05-08
05/08/2018,12890.0,11805.0,78.0,133.0,0.0,0.0,0.0,10.0,2018-05-08
05/08/2019,11800.0,11548.0,731.0,79.0,0.0,481.0,0.0,326.0,2019-05-08
05/09/2017,12300.0,11857.0,17.0,61.0,0.0,45.0,0.0,0.0,2017-05-09
05/09/2018,12890.0,12107.0,114.0,95.0,0.0,205.0,0.0,10.0,2018-05-09
05/09/2019,11800.0,11694.0,81.0,127.0,0.0,119.0,0.0,0.0,2019-05-09
05/10/2017,12943.0,12403.0,142.0,7.0,0.0,59.0,21.0,63.0,2017-05-10
05/10/2018,12890.0,12361.0,738.0,139.0,0.0,377.0,0.0,530.0,2018-05-10
05/10/2019,11631.0,11212.0,502.0,426.0,0.0,94.0,0.0,107.0,2019-05-10
05/11/2017,13570.0,13095.0,519.0,139.0,0.0,129.0,0.0,210.0,2017-05-11
05/11/2018,13285.0,12744.0,-43.0,1.0,0.0,85.0,0.0,50.0,2018-05-11
05/11/2019,10987.0,10455.0,532.0,99.0,0.0,154.0,0.0,453.0,2019-05-11
05/12/2017,13182.0,12476.0,1513.0,685.0,0.0,123.0,0.0,413.0,2017-05-12
05/12/2018,11109.0,10562.0,143.0,162.0,0.0,94.0,0.0,41.0,2018-05-12
05/12/2019,11800.0,11122.0,1037.0,439.0,0.0,53.0,0.0,479.0,2019-05-12
05/13/2017,11367.0,11268.0,902.0,137.0,0.0,511.0,3.0,470.0,2017-05-13
05/13/2018,13141.0,12618.0,119.0,1.0,0.0,105.0,0.0,150.0,2018-05-13
05/13/2019,11631.0,11207.0,667.0,395.0,0.0,151.0,0.0,285.0,2019-05-13
05/14/2017,13971.0,13899.0,771.0,428.0,0.0,398.0,45.0,197.0,2017-05-14
05/14/2018,12890.0,12586.0,383.0,93.0,0.0,346.0,0.0,185.0,2018-05-14
05/14/2019,11800.0,11065.0,248.0,138.0,0.0,24.0,0.0,251.0,2019-05-14
05/15/2017,13175.0,13107.0,437.0,390.0,0.0,335.0,0.0,0.0,2017-05-15
05/15/2018,12890.0,11326.0,1131.0,272.0,588.0,596.0,0.0,278.0,2018-05-15
05/15/2019,11800.0,11053.0,639.0,269.0,0.0,240.0,0.0,62.0,2019-05-15
05/16/2017,12315.0,11767.0,395.0,48.0,0.0,200.0,0.0,89.0,2017-05-16
05/16/2018,12890.0,12528.0,1185.0,338.0,0.0,998.0,0.0,226.0,2018-05-16
05/16/2019,10827.0,9996.0,257.0,0.0,0.0,59.0,0.0,118.0,2019-05-16
05/17/2017,12915.0,12010.0,934.0,272.0,0.0,181.0,0.0,338.0,2017-05-17
05/17/2018,13285.0,12965.0,662.0,231.0,0.0,191.0,0.0,345.0,2018-05-17
05/17/2019,11631.0,10875.0,150.0,42.0,0.0,0.0,0.0,85.0,2019-05-17
05/18/2017,13937.0,13022.0,2232.0,827.0,0.0,512.0,0.0,961.0,2017-05-18
05/18/2018,12833.0,12559.0,703.0,57.0,0.0,563.0,0.0,255.0,2018-05-18
05/18/2019,10642.0,10593.0,291.0,105.0,0.0,457.0,0.0,17.0,2019-05-18
05/19/2017,13197.0,13313.0,661.0,232.0,0.0,570.0,0.0,84.0,2017-05-19
05/19/2018,10672.0,10217.0,672.0,144.0,0.0,219.0,0.0,288.0,2018-05-19
05/19/2019,11800.0,11828.0,2246.0,1247.0,0.0,721.0,0.0,759.0,2019-05-19
05/20/2017,10709.0,10243.0,460.0,74.0,0.0,192.0,0.0,66.0,2017-05-20
05/20/2018,12758.0,12421.0,877.0,118.0,0.0,518.0,0.0,357.0,2018-05-20
05/20/2019,11631.0,11430.0,161.0,78.0,0.0,182.0,0.0,112.0,2019-05-20
05/21/2017,13585.0,12821.0,1094.0,190.0,0.0,461.0,56.0,313.0,2017-05-21
05/21/2018,12833.0,12568.0,492.0,1.0,0.0,91.0,9.0,489.0,2018-05-21
05/21/2019,11631.0,11468.0,190.0,27.0,0.0,498.0,0.0,0.0,2019-05-21
05/22/2017,12768.0,12231.0,1996.0,385.0,0.0,479.0,0.0,1428.0,2017-05-22
05/22/2018,12833.0,12240.0,273.0,25.0,0.0,325.0,0.0,144.0,2018-05-22
05/22/2019,11828.0,10962.0,221.0,191.0,0.0,67.0,0.0,0.0,2019-05-22
05/23/2017,12315.0,11742.0,375.0,96.0,0.0,194.0,0.0,10.0,2017-05-23
05/23/2018,12833.0,12011.0,287.0,161.0,0.0,97.0,0.0,13.0,2018-05-23
05/23/2019,11631.0,11591.0,1148.0,437.0,103.0,539.0,0.0,411.0,2019-05-23
05/24/2017,12943.0,12757.0,691.0,283.0,0.0,400.0,0.0,187.0,2017-05-24
05/24/2018,12833.0,11993.0,363.0,0.0,0.0,265.0,0.0,46.0,2018-05-24
05/24/2019,11631.0,11280.0,255.0,99.0,0.0,208.0,0.0,19.0,2019-05-24
05/25/2017,13552.0,11946.0,4356.0,1768.0,0.0,1429.0,0.0,1314.0,2017-05-25
05/25/2018,12040.0,11627.0,160.0,132.0,0.0,209.0,0.0,0.0,2018-05-25
05/25/2019,9512.0,9110.0,86.0,3.0,0.0,86.0,0.0,19.0,2019-05-25
05/26/2017,13381.0,13491.0,744.0,293.0,0.0,643.0,0.0,344.0,2017-05-26
05/26/2018,9405.0,8418.0,-90.0,0.0,0.0,0.0,0.0,0.0,2018-05-26
05/26/2019,9674.0,9855.0,70.0,146.0,0.0,404.0,0.0,43.0,2019-05-26
05/27/2017,9917.0,9608.0,247.0,15.0,0.0,68.0,44.0,167.0,2017-05-27
05/27/2018,9083.0,9281.0,25.0,122.0,2.0,336.0,0.0,0.0,2018-05-27
05/27/2019,11420.0,10852.0,-80.0,0.0,0.0,21.0,0.0,0.0,2019-05-27
05/28/2017,11028.0,10200.0,854.0,24.0,0.0,88.0,19.0,565.0,2017-05-28
05/28/2018,12677.0,12026.0,-96.0,0.0,0.0,63.0,0.0,0.0,2018-05-28
05/28/2019,11631.0,11856.0,969.0,203.0,625.0,786.0,0.0,201.0,2019-05-28
05/29/2017,13384.0,13587.0,685.0,289.0,0.0,914.0,0.0,81.0,2017-05-29
05/29/2018,12833.0,12038.0,453.0,117.0,0.0,88.0,0.0,389.0,2018-05-29
05/29/2019,11997.0,11377.0,978.0,49.0,0.0,549.0,0.0,575.0,2019-05-29
05/30/2017,12315.0,12098.0,634.0,222.0,0.0,324.0,0.0,321.0,2017-05-30
05/30/2018,12833.0,12030.0,329.0,36.0,0.0,292.0,0.0,29.0,2018-05-30
05/30/2019,11800.0,10919.0,745.0,247.0,1.0,226.0,0.0,530.0,2019-05-30
05/31/2017,12943.0,12684.0,113.0,16.0,0.0,278.0,0.0,128.0,2017-05-31
05/31/2018,12833.0,12545.0,757.0,276.0,0.0,280.0,0.0,453.0,2018-05-31
05/31/2019,11631.0,10309.0,819.0,554.0,0.0,80.0,0.0,179.0,2019-05-31
06/01/2017,13145.0,13051.0,53.0,10.0,0.0,264.0,0.0,59.0,2017-06-01
06/01/2018,12833.0,11874.0,443.0,135.0,0.0,41.0,0.0,293.0,2018-06-01
06/01/2019,10642.0,10026.0,461.0,197.0,0.0,113.0,0.0,216.0,2019-06-01
06/02/2017,14186.0,13420.0,326.0,66.0,0.0,265.0,0.0,135.0,2017-06-02
06/02/2018,10672.0,10299.0,214.0,128.0,0.0,133.0,0.0,71.0,2018-06-02
06/02/2019,11997.0,11500.0,511.0,154.0,276.0,484.0,4.0,95.0,2019-06-02
06/03/2017,12400.0,11682.0,109.0,51.0,0.0,0.0,0.0,0.0,2017-06-03
06/03/2018,12758.0,12864.0,413.0,111.0,0.0,384.0,0.0,384.0,2018-06-03
06/03/2019,11631.0,10472.0,383.0,372.0,0.0,76.0,0.0,15.0,2019-06-03
06/04/2017,14600.0,13707.0,662.0,323.0,0.0,226.0,0.0,93.0,2017-06-04
06/04/2018,12833.0,12053.0,230.0,79.0,0.0,92.0,0.0,245.0,2018-06-04
06/04/2019,11631.0,10830.0,543.0,83.0,0.0,75.0,0.0,248.0,2019-06-04
06/05/2017,14213.0,14197.0,1504.0,831.0,24.0,707.0,0.0,457.0,2017-06-05
06/05/2018,12833.0,12082.0,-207.0,0.0,0.0,0.0,0.0,0.0,2018-06-05
06/05/2019,11828.0,11548.0,456.0,56.0,0.0,271.0,0.0,374.0,2019-06-05
06/06/2017,14086.0,13432.0,745.0,16.0,0.0,708.0,0.0,127.0,2017-06-06
06/06/2018,12833.0,11993.0,256.0,38.0,0.0,234.0,0.0,133.0,2018-06-06
06/06/2019,11556.0,10854.0,400.0,178.0,0.0,78.0,0.0,90.0,2019-06-06
06/07/2017,14488.0,13291.0,548.0,34.0,0.0,157.0,0.0,331.0,2017-06-07
06/07/2018,14522.0,13204.0,169.0,80.0,0.0,0.0,0.0,128.0,2018-06-07
06/07/2019,11546.0,10477.0,19.0,0.0,0.0,0.0,0.0,24.0,2019-06-07
06/08/2017,14600.0,13929.0,637.0,309.0,0.0,172.0,0.0,83.0,2017-06-08
06/08/2018,14648.0,13658.0,-38.0,50.0,0.0,69.0,0.0,0.0,2018-06-08
06/08/2019,10076.0,9699.0,566.0,42.0,0.0,72.0,0.0,417.0,2019-06-08
06/09/2017,14204.0,14272.0,971.0,311.0,0.0,358.0,0.0,670.0,2017-06-09
06/09/2018,12361.0,11838.0,364.0,159.0,0.0,86.0,0.0,194.0,2018-06-09
06/09/2019,11546.0,10966.0,696.0,79.0,0.0,97.0,0.0,625.0,2019-06-09
06/10/2017,12432.0,11698.0,189.0,33.0,0.0,36.0,0.0,196.0,2017-06-10
06/10/2018,14648.0,14304.0,214.0,79.0,0.0,309.0,0.0,127.0,2018-06-10
06/10/2019,11546.0,10323.0,1348.0,449.0,0.0,649.0,0.0,751.0,2019-06-10
06/11/2017,14632.0,14114.0,1085.0,491.0,0.0,207.0,0.0,433.0,2017-06-11
06/11/2018,14308.0,13645.0,442.0,387.0,0.0,128.0,0.0,64.0,2018-06-11
06/11/2019,11789.0,9858.0,614.0,163.0,0.0,49.0,0.0,286.0,2019-06-11
06/12/2017,14245.0,13345.0,425.0,61.0,0.0,19.0,0.0,273.0,2017-06-12
06/12/2018,14310.0,13486.0,-4.0,0.0,0.0,71.0,0.0,15.0,2018-06-12
06/12/2019,11789.0,10682.0,390.0,463.0,0.0,11.0,0.0,0.0,2019-06-12
06/13/2017,14127.0,14636.0,962.0,163.0,0.0,1264.0,110.0,265.0,2017-06-13
06/13/2018,14310.0,13798.0,-10.0,42.0,0.0,65.0,0.0,0.0,2018-06-13
06/13/2019,11546.0,11701.0,1036.0,109.0,6.0,339.0,0.0,849.0,2019-06-13
06/14/2017,14505.0,13630.0,572.0,94.0,0.0,384.0,0.0,166.0,2017-06-14
06/14/2018,14650.0,14974.0,201.0,77.0,0.0,722.0,0.0,42.0,2018-06-14
06/14/2019,11546.0,10565.0,133.0,51.0,0.0,14.0,0.0,0.0,2019-06-14
06/15/2017,14617.0,13712.0,897.0,88.0,0.0,371.0,0.0,519.0,2017-06-15
06/15/2018,14648.0,13834.0,116.0,3.0,0.0,225.0,0.0,69.0,2018-06-15
06/15/2019,10076.0,9582.0,229.0,104.0,0.0,92.0,0.0,39.0,2019-06-15
06/16/2017,14236.0,14593.0,1971.0,948.0,0.0,742.0,7.0,817.0,2017-06-16
06/16/2018,12361.0,11118.0,436.0,156.0,0.0,0.0,0.0,158.0,2018-06-16
06/16/2019,11546.0,10638.0,166.0,96.0,0.0,49.0,0.0,154.0,2019-06-16
06/17/2017,12447.0,12347.0,630.0,133.0,0.0,480.0,0.0,423.0,2017-06-17
06/17/2018,14648.0,13466.0,64.0,13.0,0.0,26.0,0.0,37.0,2018-06-17
06/17/2019,11546.0,10295.0,480.0,25.0,0.0,103.0,0.0,368.0,2019-06-17
06/18/2017,14632.0,14631.0,2142.0,484.0,0.0,1381.0,0.0,824.0,2017-06-18
06/18/2018,14308.0,13424.0,618.0,85.0,446.0,325.0,0.0,18.0,2018-06-18
06/18/2019,11789.0,11132.0,-33.0,62.0,0.0,174.0,0.0,0.0,2019-06-18
06/19/2017,14230.0,9463.0,2951.0,6.0,0.0,2468.0,0.0,413.0,2017-06-19
06/19/2018,14310.0,13384.0,793.0,327.0,0.0,343.0,0.0,157.0,2018-06-19
06/19/2019,11789.0,10882.0,523.0,153.0,0.0,280.0,9.0,309.0,2019-06-19
06/20/2017,14142.0,13564.0,637.0,276.0,0.0,73.0,0.0,109.0,2017-06-20
06/20/2018,14310.0,14021.0,596.0,200.0,0.0,282.0,0.0,262.0,2018-06-20
06/20/2019,11546.0,11510.0,650.0,129.0,34.0,360.0,0.0,463.0,2019-06-20
06/21/2017,14520.0,14180.0,3193.0,1312.0,0.0,798.0,0.0,1212.0,2017-06-21
06/21/2018,14650.0,14168.0,1008.0,589.0,0.0,189.0,0.0,203.0,2018-06-21
06/21/2019,11546.0,11498.0,530.0,118.0,0.0,224.0,0.0,394.0,2019-06-21
06/22/2017,14647.0,14261.0,569.0,261.0,0.0,103.0,0.0,214.0,2017-06-22
06/22/2018,14648.0,13567.0,54.0,8.0,0.0,118.0,0.0,124.0,2018-06-22
06/22/2019,10076.0,9640.0,145.0,60.0,0.0,112.0,0.0,88.0,2019-06-22
06/23/2017,14251.0,14672.0,597.0,199.0,0.0,743.0,0.0,345.0,2017-06-23
06/23/2018,12361.0,11958.0,157.0,10.0,0.0,181.0,0.0,49.0,2018-06-23
06/23/2019,11546.0,11056.0,417.0,152.0,0.0,223.0,0.0,17.0,2019-06-23
06/24/2017,12447.0,12450.0,1151.0,338.0,346.0,196.0,0.0,405.0,2017-06-24
06/24/2018,14648.0,12846.0,2370.0,2.0,0.0,2398.0,0.0,216.0,2018-06-24
06/24/2019,11546.0,11109.0,134.0,1.0,0.0,195.0,0.0,83.0,2019-06-24
06/25/2017,14647.0,14077.0,932.0,343.0,0.0,149.0,0.0,409.0,2017-06-25
06/25/2018,14308.0,13615.0,131.0,90.0,0.0,85.0,0.0,24.0,2018-06-25
06/25/2019,11789.0,11697.0,783.0,27.0,182.0,531.0,0.0,404.0,2019-06-25
06/26/2017,14260.0,14134.0,10.0,33.0,0.0,193.0,0.0,22.0,2017-06-26
06/26/2018,14310.0,13332.0,504.0,13.0,0.0,82.0,0.0,258.0,2018-06-26
06/26/2019,11789.0,11011.0,150.0,72.0,0.0,8.0,0.0,71.0,2019-06-26
06/27/2017,14142.0,13855.0,362.0,63.0,0.0,178.0,7.0,227.0,2017-06-27
06/27/2018,14310.0,13522.0,68.0,25.0,0.0,154.0,0.0,22.0,2018-06-27
06/27/2019,11546.0,10609.0,519.0,373.0,0.0,13.0,0.0,23.0,2019-06-27
06/28/2017,14535.0,13491.0,459.0,134.0,0.0,170.0,0.0,84.0,2017-06-28
06/28/2018,14650.0,14021.0,1744.0,201.0,319.0,414.0,0.0,857.0,2018-06-28
06/28/2019,11546.0,10595.0,208.0,29.0,0.0,78.0,0.0,102.0,2019-06-28
06/29/2017,14647.0,14392.0,1263.0,1042.0,0.0,300.0,46.0,105.0,2017-06-29
06/29/2018,14648.0,13670.0,841.0,606.0,0.0,23.0,0.0,0.0,2018-06-29
06/29/2019,10076.0,8359.0,1875.0,571.0,611.0,826.0,0.0,318.0,2019-06-29
06/30/2017,12682.0,13396.0,1026.0,186.0,0.0,1442.0,0.0,392.0,2017-06-30
06/30/2018,11981.0,11052.0,391.0,292.0,0.0,0.0,0.0,123.0,2018-06-30
06/30/2019,11546.0,10541.0,257.0,27.0,0.0,80.0,0.0,20.0,2019-06-30
07/01/2017,11246.0,11794.0,1771.0,414.0,175.0,2008.0,0.0,231.0,2017-07-01
07/01/2018,13471.0,12264.0,206.0,21.0,0.0,238.0,0.0,11.0,2018-07-01
07/01/2019,9944.0,8844.0,248.0,84.0,0.0,0.0,0.0,39.0,2019-07-01
07/02/2017,12287.0,11938.0,135.0,111.0,0.0,181.0,0.0,0.0,2017-07-02
07/02/2018,12768.0,12120.0,223.0,127.0,0.0,130.0,0.0,18.0,2018-07-02
07/02/2019,9613.0,8967.0,312.0,144.0,0.0,301.0,0.0,126.0,2019-07-02
07/03/2017,12287.0,11270.0,885.0,143.0,0.0,16.0,26.0,510.0,2017-07-03
07/03/2018,10995.0,10262.0,801.0,329.0,0.0,89.0,0.0,376.0,2018-07-03
07/03/2019,9613.0,8907.0,101.0,37.0,0.0,44.0,0.0,74.0,2019-07-03
07/04/2017,12622.0,11751.0,-18.0,21.0,0.0,43.0,0.0,66.0,2017-07-04
07/04/2018,12081.0,11634.0,1665.0,1342.0,0.0,295.0,0.0,123.0,2018-07-04
07/04/2019,8874.0,8336.0,67.0,93.0,0.0,0.0,0.0,0.0,2019-07-04
07/05/2017,14840.0,14268.0,414.0,189.0,0.0,149.0,18.0,288.0,2017-07-05
07/05/2018,15450.0,14341.0,226.0,72.0,0.0,110.0,0.0,34.0,2018-07-05
07/05/2019,10053.0,9629.0,227.0,54.0,0.0,97.0,0.0,211.0,2019-07-05
07/06/2017,14952.0,14076.0,926.0,283.0,0.0,50.0,0.0,474.0,2017-07-06
07/06/2018,15583.0,15162.0,245.0,138.0,0.0,204.0,0.0,84.0,2018-07-06
07/06/2019,10076.0,7936.0,1902.0,526.0,0.0,966.0,0.0,643.0,2019-07-06
07/07/2017,14556.0,14115.0,2689.0,1078.0,0.0,2001.0,0.0,340.0,2017-07-07
07/07/2018,13311.0,11996.0,-98.0,0.0,0.0,0.0,0.0,0.0,2018-07-07
07/07/2019,10567.0,9624.0,244.0,268.0,0.0,229.0,0.0,0.0,2019-07-07
07/08/2017,12767.0,12452.0,939.0,480.0,0.0,510.0,0.0,109.0,2017-07-08
07/08/2018,15583.0,13969.0,-65.0,23.0,0.0,15.0,0.0,15.0,2018-07-08
07/08/2019,10567.0,9935.0,309.0,26.0,0.0,290.0,0.0,21.0,2019-07-08
07/09/2017,14952.0,14497.0,296.0,130.0,0.0,165.0,0.0,35.0,2017-07-09
07/09/2018,15243.0,14006.0,1.0,0.0,0.0,72.0,0.0,0.0,2018-07-09
07/09/2019,10811.0,9801.0,17.0,9.0,0.0,70.0,0.0,85.0,2019-07-09
07/10/2017,14565.0,14240.0,706.0,176.0,0.0,512.0,0.0,307.0,2017-07-10
07/10/2018,15243.0,13925.0,534.0,186.0,0.0,0.0,0.0,326.0,2018-07-10
07/10/2019,10811.0,9739.0,287.0,304.0,0.0,0.0,0.0,0.0,2019-07-10
07/11/2017,14444.0,14612.0,1733.0,827.0,0.0,1504.0,0.0,191.0,2017-07-11
07/11/2018,15243.0,14125.0,10.0,74.0,0.0,116.0,0.0,2.0,2018-07-11
07/11/2019,10567.0,10346.0,1250.0,480.0,0.0,295.0,0.0,612.0,2019-07-11
07/12/2017,14840.0,13788.0,894.0,153.0,0.0,299.0,0.0,276.0,2017-07-12
07/12/2018,15583.0,14713.0,530.0,251.0,0.0,276.0,0.0,40.0,2018-07-12
07/12/2019,10567.0,9774.0,27.0,0.0,0.0,50.0,0.0,94.0,2019-07-12
07/13/2017,14585.0,13540.0,2121.0,147.0,0.0,2123.0,0.0,836.0,2017-07-13
07/13/2018,15583.0,14235.0,1528.0,330.0,0.0,27.0,0.0,889.0,2018-07-13
07/13/2019,9630.0,8644.0,132.0,46.0,0.0,12.0,0.0,60.0,2019-07-13
07/14/2017,14556.0,13292.0,924.0,216.0,0.0,545.0,0.0,355.0,2017-07-14
07/14/2018,13311.0,11881.0,-51.0,0.0,0.0,0.0,0.0,0.0,2018-07-14
07/14/2019,10573.0,9533.0,-73.0,0.0,0.0,41.0,0.0,0.0,2019-07-14
07/15/2017,12767.0,11371.0,446.0,294.0,0.0,0.0,0.0,16.0,2017-07-15
07/15/2018,15583.0,15180.0,2330.0,356.0,0.0,1110.0,0.0,1219.0,2018-07-15
07/15/2019,10567.0,9600.0,98.0,1.0,0.0,19.0,0.0,100.0,2019-07-15
07/16/2017,14585.0,13758.0,303.0,71.0,0.0,37.0,0.0,167.0,2017-07-16
07/16/2018,15243.0,14679.0,358.0,110.0,0.0,192.0,0.0,197.0,2018-07-16
07/16/2019,10811.0,9774.0,56.0,62.0,0.0,10.0,0.0,0.0,2019-07-16
07/17/2017,14565.0,13976.0,1284.0,238.0,0.0,1191.0,0.0,317.0,2017-07-17
07/17/2018,15243.0,13056.0,1784.0,132.0,0.0,494.0,0.0,1289.0,2018-07-17
07/17/2019,10811.0,10195.0,1920.0,374.0,738.0,158.0,0.0,638.0,2019-07-17
07/18/2017,14444.0,13899.0,1416.0,582.0,0.0,471.0,0.0,567.0,2017-07-18
07/18/2018,15243.0,14102.0,615.0,103.0,0.0,126.0,0.0,252.0,2018-07-18
07/18/2019,10567.0,10301.0,1854.0,846.0,0.0,652.0,0.0,620.0,2019-07-18
07/19/2017,14840.0,14059.0,1844.0,1172.0,0.0,151.0,0.0,493.0,2017-07-19
07/19/2018,15583.0,15107.0,587.0,156.0,0.0,514.0,8.0,75.0,2018-07-19
07/19/2019,10567.0,9392.0,506.0,160.0,0.0,0.0,0.0,190.0,2019-07-19
07/20/2017,14573.0,13925.0,900.0,454.0,0.0,222.0,0.0,263.0,2017-07-20
07/20/2018,15583.0,15271.0,861.0,249.0,0.0,523.0,0.0,163.0,2018-07-20
07/20/2019,9630.0,8843.0,55.0,0.0,0.0,134.0,0.0,15.0,2019-07-20
07/21/2017,14556.0,13945.0,303.0,81.0,0.0,244.0,0.0,243.0,2017-07-21
07/21/2018,13311.0,11921.0,425.0,60.0,0.0,31.0,0.0,228.0,2018-07-21
07/21/2019,10573.0,10388.0,857.0,627.0,0.0,339.0,0.0,198.0,2019-07-21
07/22/2017,12767.0,12153.0,1643.0,1457.0,0.0,178.0,0.0,92.0,2017-07-22
07/22/2018,15583.0,13788.0,1384.0,0.0,0.0,1692.0,0.0,333.0,2018-07-22
07/22/2019,10567.0,8890.0,942.0,104.0,402.0,104.0,0.0,434.0,2019-07-22
07/23/2017,14952.0,14729.0,1204.0,502.0,0.0,561.0,0.0,522.0,2017-07-23
07/23/2018,15243.0,14561.0,1420.0,712.0,0.0,335.0,0.0,519.0,2018-07-23
07/23/2019,10811.0,9518.0,433.0,153.0,0.0,113.0,0.0,36.0,2019-07-23
07/24/2017,14565.0,14319.0,2579.0,959.0,0.0,452.0,0.0,1434.0,2017-07-24
07/24/2018,15243.0,14219.0,1419.0,510.0,0.0,492.0,4.0,306.0,2018-07-24
07/24/2019,10811.0,9622.0,109.0,13.0,0.0,106.0,0.0,0.0,2019-07-24
07/25/2017,14444.0,13354.0,633.0,347.0,0.0,96.0,0.0,192.0,2017-07-25
07/25/2018,15243.0,15923.0,1103.0,323.0,0.0,768.0,0.0,714.0,2018-07-25
07/25/2019,10567.0,9810.0,85.0,44.0,0.0,131.0,0.0,34.0,2019-07-25
07/26/2017,14840.0,14023.0,188.0,169.0,0.0,0.0,0.0,0.0,2017-07-26
07/26/2018,15583.0,15155.0,884.0,461.0,0.0,72.0,0.0,310.0,2018-07-26
07/26/2019,10567.0,9962.0,184.0,190.0,0.0,31.0,0.0,0.0,2019-07-26
07/27/2017,14953.0,14284.0,997.0,762.0,0.0,77.0,0.0,212.0,2017-07-27
07/27/2018,15583.0,13274.0,2050.0,4.0,0.0,1989.0,0.0,750.0,2018-07-27
07/27/2019,9630.0,8810.0,60.0,8.0,0.0,14.0,0.0,92.0,2019-07-27
07/28/2017,14557.0,14170.0,1426.0,311.0,0.0,173.0,16.0,807.0,2017-07-28
07/28/2018,13311.0,12434.0,375.0,152.0,0.0,109.0,0.0,103.0,2018-07-28
07/28/2019,10573.0,9412.0,244.0,6.0,0.0,0.0,0.0,229.0,2019-07-28
07/29/2017,12768.0,12000.0,262.0,45.0,0.0,99.0,11.0,95.0,2017-07-29
07/29/2018,15583.0,16995.0,157.0,254.0,0.0,1306.0,0.0,31.0,2018-07-29
07/29/2019,10567.0,9683.0,557.0,360.0,0.0,162.0,0.0,39.0,2019-07-29
07/30/2017,14586.0,13924.0,497.0,269.0,0.0,77.0,0.0,161.0,2017-07-30
07/30/2018,15243.0,14756.0,409.0,203.0,0.0,218.0,0.0,204.0,2018-07-30
07/30/2019,10811.0,10436.0,322.0,119.0,0.0,63.0,0.0,206.0,2019-07-30
07/31/2017,14566.0,13790.0,455.0,138.0,0.0,81.0,0.0,262.0,2017-07-31
07/31/2018,15243.0,14464.0,257.0,72.0,0.0,80.0,0.0,78.0,2018-07-31
07/31/2019,10811.0,10005.0,869.0,93.0,29.0,482.0,0.0,661.0,2019-07-31
08/01/2017,14445.0,13693.0,446.0,86.0,0.0,44.0,0.0,290.0,2017-08-01
08/01/2018,15243.0,14388.0,292.0,118.0,0.0,341.0,0.0,55.0,2018-08-01
08/01/2019,10567.0,9744.0,457.0,295.0,0.0,237.0,0.0,13.0,2019-08-01
08/02/2017,14841.0,12486.0,1874.0,431.0,0.0,1063.0,0.0,853.0,2017-08-02
08/02/2018,15583.0,14725.0,2674.0,905.0,0.0,1266.0,0.0,958.0,2018-08-02
08/02/2019,10567.0,10372.0,219.0,68.0,0.0,214.0,0.0,84.0,2019-08-02
08/03/2017,14557.0,14289.0,1543.0,818.0,0.0,582.0,0.0,472.0,2017-08-03
08/03/2018,15583.0,13883.0,3279.0,1203.0,0.0,1187.0,50.0,873.0,2018-08-03
08/03/2019,9630.0,9188.0,150.0,55.0,0.0,191.0,0.0,20.0,2019-08-03
08/04/2017,14546.0,14312.0,2340.0,373.0,66.0,313.0,0.0,1733.0,2017-08-04
08/04/2018,11785.0,10731.0,2027.0,1413.0,0.0,58.0,0.0,342.0,2018-08-04
08/04/2019,10573.0,9953.0,-12.0,1.0,0.0,17.0,0.0,32.0,2019-08-04
08/05/2017,12757.0,13267.0,174.0,136.0,0.0,463.0,0.0,36.0,2017-08-05
08/05/2018,14796.0,13700.0,273.0,145.0,0.0,16.0,0.0,0.0,2018-08-05
08/05/2019,10567.0,9718.0,48.0,0.0,0.0,21.0,0.0,86.0,2019-08-05
08/06/2017,14942.0,14859.0,229.0,89.0,0.0,347.0,0.0,75.0,2017-08-06
08/06/2018,15635.0,15235.0,918.0,218.0,0.0,413.0,0.0,425.0,2018-08-06
08/06/2019,10811.0,10306.0,920.0,39.0,0.0,150.0,0.0,616.0,2019-08-06
08/07/2017,14555.0,14231.0,510.0,190.0,0.0,142.0,10.0,251.0,2017-08-07
08/07/2018,14899.0,14027.0,2313.0,184.0,1191.0,477.0,0.0,714.0,2018-08-07
08/07/2019,10811.0,9381.0,4199.0,1286.0,139.0,1020.0,0.0,2155.0,2019-08-07
08/08/2017,14434.0,14190.0,164.0,154.0,0.0,134.0,7.0,93.0,2017-08-08
08/08/2018,15635.0,14522.0,399.0,124.0,0.0,155.0,0.0,11.0,2018-08-08
08/08/2019,10567.0,10252.0,835.0,266.0,0.0,462.0,0.0,552.0,2019-08-08
08/09/2017,14830.0,14323.0,-42.0,9.0,0.0,81.0,0.0,12.0,2017-08-09
08/09/2018,15975.0,14544.0,259.0,61.0,0.0,185.0,0.0,73.0,2018-08-09
08/09/2019,10567.0,10000.0,242.0,219.0,0.0,22.0,0.0,0.0,2019-08-09
08/10/2017,14942.0,14718.0,308.0,226.0,0.0,160.0,0.0,20.0,2017-08-10
08/10/2018,15975.0,14711.0,431.0,258.0,0.0,203.0,0.0,23.0,2018-08-10
08/10/2019,9630.0,8974.0,451.0,43.0,0.0,51.0,0.0,283.0,2019-08-10
08/11/2017,14546.0,14778.0,354.0,217.0,0.0,368.0,0.0,179.0,2017-08-11
08/11/2018,11795.0,11157.0,2423.0,1309.0,0.0,1123.0,0.0,532.0,2018-08-11
08/11/2019,10573.0,9318.0,224.0,3.0,0.0,0.0,0.0,235.0,2019-08-11
08/12/2017,12787.0,12541.0,554.0,405.0,0.0,259.0,0.0,238.0,2017-08-12
08/12/2018,14796.0,14244.0,1516.0,787.0,50.0,452.0,0.0,395.0,2018-08-12
08/12/2019,10567.0,9622.0,121.0,0.0,0.0,132.0,0.0,0.0,2019-08-12
08/13/2017,14972.0,14620.0,149.0,30.0,59.0,152.0,0.0,50.0,2017-08-13
08/13/2018,15635.0,14891.0,1125.0,157.0,0.0,465.0,0.0,585.0,2018-08-13
08/13/2019,10811.0,10624.0,46.0,95.0,0.0,161.0,0.0,28.0,2019-08-13
08/14/2017,14585.0,14134.0,795.0,307.0,0.0,379.0,0.0,253.0,2017-08-14
08/14/2018,14899.0,14756.0,2262.0,74.0,443.0,1884.0,0.0,122.0,2018-08-14
08/14/2019,10811.0,10857.0,536.0,135.0,0.0,523.0,0.0,183.0,2019-08-14
08/15/2017,14464.0,13704.0,555.0,199.0,0.0,131.0,27.0,200.0,2017-08-15
08/15/2018,15635.0,14257.0,506.0,93.0,0.0,173.0,0.0,55.0,2018-08-15
08/15/2019,10567.0,10461.0,138.0,27.0,0.0,419.0,0.0,30.0,2019-08-15
08/16/2017,14860.0,14666.0,171.0,108.0,0.0,159.0,0.0,77.0,2017-08-16
08/16/2018,15975.0,15153.0,732.0,220.0,0.0,63.0,0.0,235.0,2018-08-16
08/16/2019,10567.0,9994.0,383.0,261.0,0.0,0.0,0.0,66.0,2019-08-16
08/17/2017,14972.0,15360.0,313.0,126.0,0.0,434.0,0.0,243.0,2017-08-17
08/17/2018,15975.0,15965.0,466.0,20.0,0.0,780.0,0.0,143.0,2018-08-17
08/17/2019,9630.0,9463.0,226.0,19.0,0.0,146.0,0.0,201.0,2019-08-17
08/18/2017,14556.0,14088.0,3448.0,1538.0,0.0,1492.0,0.0,1251.0,2017-08-18
08/18/2018,11795.0,11571.0,257.0,241.0,0.0,218.0,0.0,0.0,2018-08-18
08/18/2019,10573.0,9879.0,2718.0,974.0,0.0,1539.0,0.0,705.0,2019-08-18
08/19/2017,12787.0,12824.0,691.0,430.0,0.0,533.0,0.0,68.0,2017-08-19
08/19/2018,14796.0,13643.0,278.0,120.0,0.0,94.0,0.0,15.0,2018-08-19
08/19/2019,10743.0,10716.0,1122.0,50.0,140.0,604.0,0.0,703.0,2019-08-19
08/20/2017,14972.0,15232.0,458.0,339.0,0.0,433.0,0.0,102.0,2017-08-20
08/20/2018,15635.0,15137.0,177.0,50.0,0.0,218.0,0.0,47.0,2018-08-20
08/20/2019,11339.0,10248.0,1213.0,588.0,0.0,213.0,0.0,439.0,2019-08-20
08/21/2017,14513.0,15059.0,771.0,114.0,0.0,1619.0,1.0,48.0,2017-08-21
08/21/2018,14754.0,14898.0,523.0,161.0,0.0,729.0,0.0,138.0,2018-08-21
08/21/2019,10986.0,11084.0,2428.0,1253.0,165.0,1322.0,0.0,363.0,2019-08-21
08/22/2017,13583.0,13011.0,2862.0,972.0,0.0,1388.0,0.0,1003.0,2017-08-22
08/22/2018,15572.0,15451.0,-34.0,57.0,0.0,147.0,0.0,80.0,2018-08-22
08/22/2019,10985.0,10265.0,505.0,187.0,132.0,277.0,0.0,178.0,2019-08-22
08/23/2017,14214.0,13914.0,924.0,211.0,0.0,258.0,0.0,436.0,2017-08-23
08/23/2018,15899.0,15788.0,150.0,6.0,0.0,531.0,0.0,8.0,2018-08-23
08/23/2019,10985.0,10258.0,174.0,123.0,0.0,54.0,0.0,27.0,2019-08-23
08/24/2017,14214.0,14052.0,575.0,128.0,0.0,188.0,0.0,352.0,2017-08-24
08/24/2018,15899.0,15317.0,215.0,245.0,0.0,81.0,0.0,0.0,2018-08-24
08/24/2019,9802.0,8679.0,-157.0,0.0,0.0,0.0,0.0,0.0,2019-08-24
08/25/2017,13432.0,12835.0,96.0,73.0,0.0,8.0,0.0,90.0,2017-08-25
08/25/2018,11471.0,10905.0,210.0,325.0,0.0,137.0,0.0,2.0,2018-08-25
08/25/2019,10985.0,10259.0,567.0,43.0,0.0,35.0,0.0,239.0,2019-08-25
08/26/2017,10925.0,10414.0,297.0,257.0,0.0,77.0,0.0,91.0,2017-08-26
08/26/2018,14725.0,14029.0,-174.0,0.0,0.0,0.0,0.0,0.0,2018-08-26
08/26/2019,10985.0,10501.0,-33.0,29.0,0.0,134.0,0.0,77.0,2019-08-26
08/27/2017,14214.0,12864.0,214.0,102.0,0.0,57.0,0.0,135.0,2017-08-27
08/27/2018,15572.0,14850.0,274.0,210.0,0.0,71.0,0.0,28.0,2018-08-27
08/27/2019,10986.0,10425.0,-53.0,65.0,0.0,81.0,0.0,16.0,2019-08-27
08/28/2017,14214.0,13544.0,265.0,76.0,0.0,266.0,0.0,37.0,2017-08-28
08/28/2018,14525.0,13661.0,102.0,116.0,0.0,259.0,0.0,0.0,2018-08-28
08/28/2019,10986.0,10549.0,680.0,677.0,0.0,28.0,0.0,32.0,2019-08-28
08/29/2017,13356.0,12631.0,144.0,60.0,0.0,20.0,0.0,82.0,2017-08-29
08/29/2018,15572.0,15202.0,-40.0,118.0,0.0,127.0,0.0,96.0,2018-08-29
08/29/2019,10985.0,10290.0,213.0,118.0,0.0,15.0,0.0,187.0,2019-08-29
08/30/2017,14214.0,13616.0,113.0,190.0,0.0,9.0,20.0,7.0,2017-08-30
08/30/2018,15899.0,15831.0,300.0,286.0,0.0,163.0,3.0,117.0,2018-08-30
08/30/2019,10985.0,10358.0,544.0,194.0,0.0,140.0,0.0,166.0,2019-08-30
08/31/2017,14214.0,14276.0,480.0,509.0,0.0,333.0,0.0,29.0,2017-08-31
08/31/2018,15899.0,15864.0,661.0,186.0,0.0,288.0,0.0,402.0,2018-08-31
08/31/2019,8560.0,7311.0,105.0,56.0,0.0,18.0,0.0,78.0,2019-08-31
09/01/2017,13402.0,13016.0,46.0,0.0,0.0,120.0,0.0,96.0,2017-09-01
09/01/2018,9858.0,9336.0,82.0,218.0,0.0,46.0,0.0,0.0,2018-09-01
09/01/2019,8556.0,7954.0,-7.0,34.0,0.0,48.0,0.0,0.0,2019-09-01
09/02/2017,9756.0,9205.0,-6.0,108.0,0.0,88.0,0.0,0.0,2017-09-02
09/02/2018,12490.0,12134.0,-101.0,136.0,0.0,154.0,0.0,0.0,2018-09-02
09/02/2019,10607.0,10919.0,2189.0,558.0,100.0,920.0,0.0,1077.0,2019-09-02
09/03/2017,12260.0,11506.0,47.0,102.0,0.0,11.0,0.0,38.0,2017-09-03
09/03/2018,15572.0,14539.0,-12.0,75.0,0.0,47.0,0.0,30.0,2018-09-03
09/03/2019,10986.0,10148.0,569.0,83.0,0.0,293.0,0.0,257.0,2019-09-03
09/04/2017,14184.0,13314.0,-15.0,0.0,0.0,154.0,0.0,8.0,2017-09-04
09/04/2018,14525.0,13615.0,114.0,100.0,0.0,146.0,0.0,5.0,2018-09-04
09/04/2019,11357.0,10207.0,926.0,229.0,126.0,133.0,0.0,448.0,2019-09-04
09/05/2017,13327.0,13766.0,481.0,187.0,0.0,859.0,0.0,382.0,2017-09-05
09/05/2018,12985.0,12246.0,-101.0,2.0,0.0,168.0,0.0,0.0,2018-09-05
09/05/2019,11234.0,10701.0,-1.0,73.0,0.0,209.0,0.0,2.0,2019-09-05
09/06/2017,12690.0,12263.0,295.0,55.0,0.0,139.0,0.0,166.0,2017-09-06
09/06/2018,14006.0,14316.0,1337.0,229.0,278.0,749.0,0.0,964.0,2018-09-06
09/06/2019,10904.0,10771.0,90.0,147.0,0.0,272.0,0.0,0.0,2019-09-06
09/07/2017,12690.0,12406.0,275.0,155.0,0.0,534.0,0.0,19.0,2017-09-07
09/07/2018,14006.0,13487.0,175.0,104.0,0.0,401.0,0.0,60.0,2018-09-07
09/07/2019,10119.0,9352.0,295.0,5.0,0.0,366.0,0.0,91.0,2019-09-07
09/08/2017,11909.0,10413.0,-8.0,14.0,0.0,54.0,16.0,5.0,2017-09-08
09/08/2018,11062.0,10473.0,-85.0,0.0,0.0,0.0,0.0,15.0,2018-09-08
09/08/2019,11456.0,10337.0,1000.0,0.0,0.0,611.0,0.0,502.0,2019-09-08
09/09/2017,9406.0,7219.0,-26.0,33.0,0.0,0.0,0.0,0.0,2017-09-09
09/09/2018,14303.0,14001.0,-29.0,56.0,0.0,48.0,0.0,63.0,2018-09-09
09/09/2019,11234.0,10295.0,602.0,1.0,0.0,509.0,0.0,79.0,2019-09-09
09/10/2017,12305.0,9805.0,-26.0,15.0,0.0,0.0,0.0,0.0,2017-09-10
09/10/2018,13679.0,13458.0,43.0,30.0,0.0,97.0,0.0,83.0,2018-09-10
09/10/2019,11234.0,10386.0,332.0,50.0,0.0,358.0,0.0,3.0,2019-09-10
09/11/2017,12690.0,9769.0,318.0,231.0,0.0,0.0,44.0,12.0,2017-09-11
09/11/2018,12658.0,12380.0,-102.0,65.0,0.0,117.0,0.0,0.0,2018-09-11
09/11/2019,11611.0,10990.0,798.0,14.0,0.0,705.0,0.0,179.0,2019-09-11
09/12/2017,11445.0,10197.0,-94.0,0.0,0.0,27.0,0.0,0.0,2017-09-12
09/12/2018,13358.0,13533.0,377.0,327.0,0.0,410.0,0.0,31.0,2018-09-12
09/12/2019,11837.0,11693.0,1153.0,16.0,0.0,1294.0,0.0,196.0,2019-09-12
09/13/2017,13078.0,12730.0,425.0,51.0,180.0,339.0,0.0,155.0,2017-09-13
09/13/2018,14379.0,13594.0,105.0,64.0,0.0,0.0,0.0,0.0,2018-09-13
09/13/2019,11281.0,11128.0,543.0,62.0,0.0,683.0,0.0,88.0,2019-09-13
09/14/2017,13078.0,12435.0,490.0,340.0,0.0,56.0,0.0,26.0,2017-09-14
09/14/2018,14379.0,13383.0,437.0,509.0,0.0,83.0,0.0,32.0,2018-09-14
09/14/2019,10496.0,9976.0,-78.0,0.0,0.0,79.0,0.0,0.0,2019-09-14
09/15/2017,11909.0,11160.0,107.0,194.0,0.0,133.0,0.0,0.0,2017-09-15
09/15/2018,11435.0,10475.0,296.0,245.0,0.0,34.0,0.0,28.0,2018-09-15
09/15/2019,11833.0,10599.0,663.0,251.0,0.0,303.0,0.0,80.0,2019-09-15
09/16/2017,9406.0,8910.0,-54.0,12.0,0.0,7.0,0.0,19.0,2017-09-16
09/16/2018,14676.0,14064.0,455.0,524.0,0.0,138.0,0.0,14.0,2018-09-16
09/16/2019,11611.0,10824.0,677.0,16.0,0.0,480.0,0.0,138.0,2019-09-16
09/17/2017,12693.0,12131.0,438.0,189.0,0.0,232.0,0.0,265.0,2017-09-17
09/17/2018,14052.0,13264.0,274.0,235.0,0.0,68.0,0.0,89.0,2018-09-17
09/17/2019,11611.0,10751.0,157.0,0.0,0.0,208.0,0.0,0.0,2019-09-17
09/18/2017,13078.0,13010.0,418.0,137.0,0.0,200.0,0.0,251.0,2017-09-18
09/18/2018,13031.0,12617.0,860.0,382.0,19.0,310.0,0.0,216.0,2018-09-18
09/18/2019,11611.0,10777.0,465.0,39.0,0.0,477.0,0.0,0.0,2019-09-18
09/19/2017,11833.0,11542.0,1053.0,200.0,0.0,195.0,0.0,631.0,2017-09-19
09/19/2018,13358.0,12436.0,-35.0,49.0,0.0,41.0,0.0,0.0,2018-09-19
09/19/2019,11611.0,10415.0,401.0,204.0,0.0,171.0,0.0,0.0,2019-09-19
09/20/2017,13078.0,12667.0,251.0,99.0,0.0,275.0,0.0,28.0,2017-09-20
09/20/2018,14379.0,13758.0,57.0,84.0,0.0,160.0,6.0,12.0,2018-09-20
09/20/2019,11281.0,10465.0,352.0,102.0,0.0,157.0,0.0,109.0,2019-09-20
09/21/2017,13078.0,12748.0,-3.0,137.0,0.0,100.0,0.0,14.0,2017-09-21
09/21/2018,14379.0,14146.0,250.0,97.0,0.0,359.0,0.0,154.0,2018-09-21
09/21/2019,10496.0,9408.0,739.0,620.0,0.0,0.0,0.0,167.0,2019-09-21
09/22/2017,11909.0,11476.0,-15.0,17.0,0.0,101.0,0.0,27.0,2017-09-22
09/22/2018,11435.0,10675.0,214.0,205.0,0.0,72.0,0.0,7.0,2018-09-22
09/22/2019,11833.0,11398.0,167.0,177.0,0.0,129.0,0.0,11.0,2019-09-22
09/23/2017,9407.0,8722.0,141.0,99.0,0.0,0.0,0.0,14.0,2017-09-23
09/23/2018,14676.0,14442.0,156.0,204.0,0.0,105.0,0.0,0.0,2018-09-23
09/23/2019,11611.0,11010.0,-6.0,54.0,0.0,109.0,0.0,3.0,2019-09-23
09/24/2017,12693.0,11605.0,244.0,93.0,0.0,23.0,0.0,42.0,2017-09-24
09/24/2018,14052.0,14573.0,387.0,245.0,0.0,567.0,0.0,303.0,2018-09-24
09/24/2019,11611.0,10938.0,-110.0,0.0,0.0,0.0,0.0,0.0,2019-09-24
09/25/2017,13078.0,12364.0,-60.0,46.0,0.0,13.0,0.0,0.0,2017-09-25
09/25/2018,13031.0,13804.0,347.0,109.0,262.0,999.0,0.0,85.0,2018-09-25
09/25/2019,11611.0,10676.0,87.0,103.0,0.0,17.0,0.0,27.0,2019-09-25
09/26/2017,11833.0,11316.0,1.0,116.0,0.0,14.0,0.0,0.0,2017-09-26
09/26/2018,13358.0,14017.0,457.0,89.0,0.0,1191.0,0.0,292.0,2018-09-26
09/26/2019,11611.0,11524.0,112.0,56.0,0.0,266.0,0.0,86.0,2019-09-26
09/27/2017,13078.0,12414.0,84.0,44.0,0.0,31.0,0.0,9.0,2017-09-27
09/27/2018,14379.0,14781.0,212.0,250.0,0.0,307.0,0.0,116.0,2018-09-27
09/27/2019,11281.0,10059.0,373.0,170.0,0.0,62.0,0.0,129.0,2019-09-27
09/28/2017,13078.0,12769.0,16.0,39.0,0.0,97.0,0.0,120.0,2017-09-28
09/28/2018,14379.0,14018.0,220.0,101.0,0.0,88.0,0.0,38.0,2018-09-28
09/28/2019,10496.0,10328.0,416.0,127.0,0.0,88.0,0.0,264.0,2019-09-28
09/29/2017,11909.0,11731.0,117.0,130.0,0.0,23.0,0.0,60.0,2017-09-29
09/29/2018,11435.0,11069.0,256.0,116.0,0.0,220.0,0.0,0.0,2018-09-29
09/29/2019,11833.0,11222.0,106.0,191.0,0.0,17.0,0.0,0.0,2019-09-29
09/30/2017,9406.0,9243.0,323.0,264.0,0.0,23.0,0.0,97.0,2017-09-30
09/30/2018,14676.0,13749.0,378.0,47.0,0.0,39.0,0.0,387.0,2018-09-30
09/30/2019,11611.0,11087.0,-40.0,4.0,0.0,11.0,0.0,112.0,2019-09-30
10/01/2017,12693.0,11946.0,589.0,571.0,0.0,35.0,0.0,52.0,2017-10-01
10/01/2018,14052.0,13619.0,194.0,128.0,0.0,25.0,0.0,168.0,2018-10-01
10/02/2017,13078.0,12740.0,161.0,14.0,0.0,103.0,0.0,177.0,2017-10-02
10/02/2018,13031.0,12686.0,132.0,94.0,0.0,283.0,0.0,70.0,2018-10-02
10/03/2017,11833.0,11013.0,68.0,1.0,0.0,21.0,0.0,49.0,2017-10-03
10/03/2018,13358.0,12850.0,13.0,124.0,0.0,34.0,0.0,0.0,2018-10-03
10/04/2017,13078.0,12328.0,369.0,78.0,0.0,97.0,0.0,288.0,2017-10-04
10/04/2018,14209.0,13620.0,84.0,93.0,0.0,108.0,0.0,58.0,2018-10-04
10/05/2017,12780.0,12517.0,81.0,72.0,0.0,126.0,0.0,0.0,2017-10-05
10/05/2018,14577.0,14027.0,182.0,26.0,0.0,27.0,0.0,129.0,2018-10-05
10/06/2017,11995.0,11739.0,74.0,145.0,0.0,78.0,0.0,50.0,2017-10-06
10/06/2018,10694.0,10517.0,328.0,344.0,0.0,175.0,0.0,26.0,2018-10-06
10/07/2017,9446.0,9006.0,45.0,0.0,0.0,50.0,0.0,47.0,2017-10-07
10/07/2018,13859.0,13562.0,271.0,131.0,0.0,222.0,17.0,106.0,2018-10-07
10/08/2017,12779.0,12272.0,1506.0,219.0,0.0,41.0,0.0,1247.0,2017-10-08
10/08/2018,14074.0,13520.0,548.0,272.0,0.0,32.0,0.0,87.0,2018-10-08
10/09/2017,12779.0,12706.0,2086.0,528.0,0.0,474.0,0.0,1453.0,2017-10-09
10/09/2018,12941.0,12066.0,88.0,125.0,0.0,41.0,0.0,74.0,2018-10-09
10/10/2017,11996.0,11843.0,20.0,26.0,0.0,57.0,0.0,58.0,2017-10-10
10/10/2018,12941.0,12685.0,57.0,23.0,0.0,66.0,0.0,104.0,2018-10-10
10/11/2017,12779.0,12477.0,557.0,20.0,0.0,437.0,0.0,241.0,2017-10-11
10/11/2018,14408.0,14933.0,523.0,365.0,0.0,692.0,0.0,273.0,2018-10-11
10/12/2017,12779.0,11638.0,652.0,18.0,0.0,204.0,0.0,219.0,2017-10-12
10/12/2018,14577.0,14508.0,147.0,107.0,0.0,530.0,0.0,105.0,2018-10-12
10/13/2017,11995.0,11312.0,470.0,65.0,0.0,356.0,0.0,78.0,2017-10-13
10/13/2018,10694.0,10763.0,86.0,46.0,0.0,304.0,0.0,0.0,2018-10-13
10/14/2017,9446.0,9142.0,7.0,49.0,0.0,80.0,0.0,0.0,2017-10-14
10/14/2018,13859.0,14286.0,-132.0,26.0,0.0,403.0,0.0,19.0,2018-10-14
10/15/2017,12779.0,12630.0,532.0,161.0,0.0,201.0,7.0,212.0,2017-10-15
10/15/2018,14074.0,14118.0,402.0,445.0,0.0,519.0,0.0,69.0,2018-10-15
10/16/2017,12779.0,12534.0,-47.0,46.0,0.0,61.0,0.0,0.0,2017-10-16
10/16/2018,12941.0,13153.0,436.0,237.0,0.0,311.0,0.0,238.0,2018-10-16
10/17/2017,11996.0,11459.0,251.0,158.0,0.0,58.0,0.0,146.0,2017-10-17
10/17/2018,12941.0,13393.0,237.0,293.0,0.0,352.0,0.0,109.0,2018-10-17
10/18/2017,12779.0,12033.0,93.0,96.0,0.0,0.0,0.0,35.0,2017-10-18
10/18/2018,14408.0,14516.0,-52.0,13.0,0.0,608.0,1.0,15.0,2018-10-18
10/19/2017,12779.0,11658.0,515.0,7.0,0.0,439.0,0.0,12.0,2017-10-19
10/19/2018,14577.0,13570.0,418.0,164.0,0.0,113.0,0.0,218.0,2018-10-19
10/20/2017,11995.0,11392.0,-31.0,4.0,0.0,0.0,0.0,31.0,2017-10-20
10/20/2018,10694.0,10304.0,-1.0,95.0,0.0,177.0,0.0,1.0,2018-10-20
10/21/2017,9446.0,8874.0,-52.0,0.0,0.0,0.0,0.0,0.0,2017-10-21
10/21/2018,13859.0,13912.0,628.0,289.0,0.0,181.0,0.0,394.0,2018-10-21
10/22/2017,12779.0,11899.0,96.0,1.0,0.0,48.0,0.0,48.0,2017-10-22
10/22/2018,14074.0,13299.0,68.0,107.0,0.0,4.0,0.0,57.0,2018-10-22
10/23/2017,12779.0,11821.0,175.0,60.0,0.0,71.0,0.0,65.0,2017-10-23
10/23/2018,12941.0,13112.0,248.0,176.0,0.0,341.0,0.0,117.0,2018-10-23
10/24/2017,11996.0,11295.0,2180.0,307.0,0.0,454.0,0.0,1711.0,2017-10-24
10/24/2018,12941.0,12634.0,1217.0,1333.0,0.0,24.0,0.0,0.0,2018-10-24
10/25/2017,12779.0,12286.0,147.0,104.0,0.0,79.0,0.0,40.0,2017-10-25
10/25/2018,14408.0,13983.0,-79.0,61.0,0.0,57.0,0.0,0.0,2018-10-25
10/26/2017,12781.0,12677.0,91.0,193.0,0.0,122.0,0.0,26.0,2017-10-26
10/26/2018,14577.0,14015.0,90.0,27.0,0.0,154.0,0.0,15.0,2018-10-26
10/27/2017,11997.0,11252.0,53.0,139.0,0.0,10.0,0.0,0.0,2017-10-27
10/27/2018,10694.0,10418.0,-40.0,60.0,0.0,174.0,0.0,0.0,2018-10-27
10/28/2017,9448.0,8925.0,730.0,378.0,0.0,30.0,0.0,220.0,2017-10-28
10/28/2018,13859.0,13489.0,-135.0,13.0,0.0,22.0,0.0,0.0,2018-10-28
10/29/2017,12781.0,11544.0,1100.0,114.0,0.0,58.0,17.0,708.0,2017-10-29
10/29/2018,14074.0,13819.0,-161.0,13.0,0.0,77.0,0.0,1.0,2018-10-29
10/30/2017,12781.0,12163.0,82.0,130.0,0.0,113.0,0.0,26.0,2017-10-30
10/30/2018,12941.0,12459.0,-176.0,17.0,0.0,53.0,0.0,0.0,2018-10-30
10/31/2017,11611.0,11419.0,-157.0,0.0,0.0,111.0,0.0,0.0,2017-10-31
10/31/2018,10430.0,10193.0,155.0,155.0,0.0,195.0,0.0,0.0,2018-10-31
11/01/2017,12781.0,12405.0,-96.0,19.0,0.0,74.0,0.0,15.0,2017-11-01
11/01/2018,14292.0,13764.0,-21.0,11.0,0.0,81.0,0.0,32.0,2018-11-01
11/02/2017,12781.0,12137.0,285.0,85.0,0.0,52.0,0.0,189.0,2017-11-02
11/02/2018,14577.0,14758.0,1306.0,115.0,0.0,260.0,0.0,1187.0,2018-11-02
11/03/2017,11997.0,11748.0,31.0,0.0,0.0,253.0,0.0,11.0,2017-11-03
11/03/2018,10610.0,10461.0,88.0,95.0,0.0,92.0,0.0,25.0,2018-11-03
11/04/2017,9448.0,9465.0,191.0,61.0,0.0,248.0,0.0,179.0,2017-11-04
11/04/2018,14133.0,13551.0,138.0,143.0,0.0,26.0,0.0,26.0,2018-11-04
11/05/2017,13409.0,13108.0,746.0,326.0,0.0,318.0,0.0,320.0,2017-11-05
11/05/2018,14740.0,14475.0,78.0,138.0,0.0,97.0,0.0,19.0,2018-11-05
11/06/2017,13409.0,13270.0,90.0,137.0,0.0,129.0,7.0,65.0,2017-11-06
11/06/2018,12999.0,12868.0,179.0,114.0,0.0,188.0,0.0,48.0,2018-11-06
11/07/2017,12239.0,11653.0,4.0,53.0,8.0,49.0,0.0,0.0,2017-11-07
11/07/2018,12997.0,12925.0,32.0,134.0,0.0,122.0,0.0,8.0,2018-11-07
11/08/2017,13409.0,12002.0,99.0,87.0,0.0,89.0,0.0,0.0,2017-11-08
11/08/2018,14712.0,14838.0,-8.0,86.0,0.0,216.0,0.0,5.0,2018-11-08
11/09/2017,13409.0,12484.0,173.0,111.0,0.0,93.0,0.0,23.0,2017-11-09
11/09/2018,14712.0,14517.0,460.0,109.0,0.0,396.0,0.0,11.0,2018-11-09
11/10/2017,12587.0,12043.0,78.0,6.0,0.0,195.0,0.0,42.0,2017-11-10
11/10/2018,10273.0,10091.0,41.0,119.0,0.0,22.0,0.0,0.0,2018-11-10
11/11/2017,9561.0,8796.0,-138.0,0.0,0.0,18.0,0.0,0.0,2017-11-11
11/11/2018,13942.0,13781.0,-130.0,7.0,0.0,54.0,0.0,40.0,2018-11-11
11/12/2017,13409.0,12931.0,-29.0,9.0,0.0,35.0,0.0,51.0,2017-11-12
11/12/2018,14740.0,14420.0,279.0,169.0,0.0,183.0,0.0,43.0,2018-11-12
11/13/2017,13409.0,12496.0,198.0,155.0,0.0,96.0,0.0,13.0,2017-11-13
11/13/2018,12999.0,12833.0,143.0,39.0,0.0,131.0,0.0,153.0,2018-11-13
11/14/2017,12239.0,11389.0,-73.0,0.0,0.0,0.0,0.0,0.0,2017-11-14
11/14/2018,12997.0,12606.0,180.0,77.0,0.0,151.0,0.0,0.0,2018-11-14
11/15/2017,13409.0,13016.0,-29.0,35.0,0.0,24.0,0.0,54.0,2017-11-15
11/15/2018,14712.0,11840.0,4700.0,5.0,3205.0,630.0,0.0,1429.0,2018-11-15
11/16/2017,13409.0,13451.0,217.0,80.0,0.0,305.0,0.0,132.0,2017-11-16
11/16/2018,14700.0,14357.0,1545.0,293.0,583.0,151.0,0.0,259.0,2018-11-16
11/17/2017,12587.0,12490.0,30.0,56.0,0.0,182.0,0.0,12.0,2017-11-17
11/17/2018,10265.0,9854.0,230.0,193.0,0.0,15.0,16.0,0.0,2018-11-17
11/18/2017,9561.0,8762.0,-54.0,11.0,0.0,31.0,0.0,0.0,2017-11-18
11/18/2018,13518.0,12987.0,366.0,214.0,0.0,15.0,0.0,183.0,2018-11-18
11/19/2017,13409.0,12833.0,354.0,219.0,0.0,46.0,0.0,32.0,2017-11-19
11/19/2018,11948.0,11449.0,53.0,21.0,0.0,125.0,0.0,0.0,2018-11-19
11/20/2017,10963.0,10482.0,95.0,83.0,0.0,47.0,0.0,30.0,2017-11-20
11/20/2018,13420.0,12748.0,180.0,46.0,0.0,175.0,0.0,0.0,2018-11-20
11/21/2017,13409.0,12296.0,-29.0,0.0,0.0,0.0,0.0,0.0,2017-11-21
11/21/2018,10345.0,9943.0,154.0,91.0,0.0,119.0,0.0,0.0,2018-11-21
11/22/2017,10979.0,10139.0,56.0,116.0,0.0,28.0,0.0,27.0,2017-11-22
11/22/2018,4543.0,4315.0,28.0,28.0,0.0,0.0,0.0,0.0,2018-11-22
11/23/2017,3587.0,3295.0,-30.0,10.0,0.0,70.0,0.0,0.0,2017-11-23
11/23/2018,8598.0,7979.0,74.0,71.0,0.0,0.0,0.0,0.0,2018-11-23
11/24/2017,6599.0,5972.0,-67.0,0.0,0.0,0.0,0.0,0.0,2017-11-24
11/24/2018,12221.0,11923.0,105.0,17.0,0.0,45.0,0.0,174.0,2018-11-24
11/25/2017,11389.0,10658.0,225.0,33.0,0.0,80.0,0.0,96.0,2017-11-25
11/25/2018,14968.0,14669.0,117.0,96.0,0.0,112.0,0.0,74.0,2018-11-25
11/26/2017,13670.0,12541.0,726.0,22.0,0.0,518.0,0.0,192.0,2017-11-26
11/26/2018,14728.0,14137.0,844.0,78.0,0.0,397.0,0.0,524.0,2018-11-26
11/27/2017,13409.0,12563.0,-8.0,45.0,0.0,73.0,0.0,21.0,2017-11-27
11/27/2018,12991.0,12207.0,204.0,83.0,0.0,73.0,0.0,6.0,2018-11-27
11/28/2017,12241.0,10934.0,-29.0,45.0,0.0,0.0,0.0,0.0,2017-11-28
11/28/2018,12813.0,12276.0,512.0,272.0,0.0,142.0,0.0,152.0,2018-11-28
11/29/2017,13409.0,12465.0,-43.0,60.0,0.0,0.0,10.0,0.0,2017-11-29
11/29/2018,14441.0,14559.0,251.0,125.0,0.0,478.0,0.0,26.0,2018-11-29
11/30/2017,13407.0,12655.0,336.0,105.0,0.0,0.0,0.0,191.0,2017-11-30
11/30/2018,14441.0,14066.0,214.0,232.0,0.0,41.0,0.0,0.0,2018-11-30
12/01/2017,12170.0,11436.0,291.0,299.0,0.0,40.0,0.0,0.0,2017-12-01
12/01/2018,10265.0,9914.0,-128.0,0.0,0.0,160.0,0.0,0.0,2018-12-01
12/02/2017,9197.0,8690.0,-97.0,0.0,0.0,8.0,0.0,7.0,2017-12-02
12/02/2018,13671.0,13346.0,507.0,130.0,0.0,190.0,0.0,290.0,2018-12-02
12/03/2017,13407.0,12659.0,-73.0,21.0,0.0,0.0,0.0,0.0,2017-12-03
12/03/2018,14338.0,14040.0,-4.0,84.0,0.0,109.0,0.0,28.0,2018-12-03
12/04/2017,13407.0,12707.0,-49.0,0.0,0.0,67.0,0.0,0.0,2017-12-04
12/04/2018,12860.0,12547.0,128.0,242.0,0.0,103.0,0.0,0.0,2018-12-04
12/05/2017,12239.0,11961.0,285.0,279.0,0.0,275.0,0.0,91.0,2017-12-05
12/05/2018,12991.0,12988.0,200.0,71.0,0.0,268.0,0.0,102.0,2018-12-05
12/06/2017,13009.0,12409.0,72.0,172.0,0.0,17.0,0.0,0.0,2017-12-06
12/06/2018,14441.0,14992.0,8.0,103.0,0.0,646.0,0.0,0.0,2018-12-06
12/07/2017,13009.0,12227.0,454.0,24.0,0.0,115.0,0.0,520.0,2017-12-07
12/07/2018,14441.0,14635.0,298.0,96.0,0.0,286.0,0.0,238.0,2018-12-07
12/08/2017,12185.0,11428.0,162.0,163.0,0.0,4.0,0.0,0.0,2017-12-08
12/08/2018,10144.0,9950.0,-54.0,74.0,0.0,74.0,0.0,0.0,2018-12-08
12/09/2017,9202.0,7973.0,1054.0,47.0,857.0,647.0,0.0,113.0,2017-12-09
12/09/2018,13550.0,12368.0,309.0,119.0,0.0,82.0,0.0,159.0,2018-12-09
12/10/2017,13422.0,12652.0,238.0,212.0,0.0,175.0,0.0,15.0,2017-12-10
12/10/2018,14338.0,13261.0,-63.0,43.0,0.0,70.0,0.0,0.0,2018-12-10
12/11/2017,13422.0,12282.0,388.0,231.0,0.0,13.0,0.0,53.0,2017-12-11
12/11/2018,12860.0,12235.0,21.0,26.0,0.0,18.0,0.0,94.0,2018-12-11
12/12/2017,12247.0,11065.0,-58.0,0.0,0.0,11.0,0.0,9.0,2017-12-12
12/12/2018,12991.0,12224.0,104.0,86.0,0.0,0.0,0.0,10.0,2018-12-12
12/13/2017,13009.0,12501.0,94.0,186.0,0.0,20.0,0.0,0.0,2017-12-13
12/13/2018,14441.0,13459.0,290.0,266.0,0.0,52.0,0.0,0.0,2018-12-13
12/14/2017,13009.0,12606.0,595.0,108.0,14.0,123.0,17.0,477.0,2017-12-14
12/14/2018,14441.0,13755.0,162.0,73.0,0.0,94.0,0.0,0.0,2018-12-14
12/15/2017,13395.0,12117.0,3910.0,45.0,3057.0,334.0,0.0,411.0,2017-12-15
12/15/2018,10144.0,9464.0,-10.0,4.0,0.0,54.0,0.0,34.0,2018-12-15
12/16/2017,10439.0,10160.0,299.0,82.0,0.0,53.0,0.0,184.0,2017-12-16
12/16/2018,13550.0,12703.0,705.0,104.0,0.0,341.0,0.0,115.0,2018-12-16
12/17/2017,13342.0,12852.0,372.0,76.0,0.0,73.0,34.0,176.0,2017-12-17
12/17/2018,14338.0,13341.0,-78.0,40.0,0.0,9.0,0.0,0.0,2018-12-17
12/18/2017,13324.0,12634.0,255.0,54.0,0.0,65.0,0.0,185.0,2017-12-18
12/18/2018,13210.0,12111.0,-65.0,0.0,0.0,0.0,0.0,0.0,2018-12-18
12/19/2017,13324.0,12395.0,366.0,169.0,0.0,64.0,0.0,0.0,2017-12-19
12/19/2018,15758.0,14700.0,227.0,137.0,0.0,38.0,0.0,3.0,2018-12-19
12/20/2017,13324.0,12912.0,177.0,119.0,0.0,89.0,0.0,0.0,2017-12-20
12/20/2018,15763.0,14744.0,792.0,101.0,0.0,316.0,0.0,407.0,2018-12-20
12/21/2017,13324.0,13011.0,234.0,95.0,0.0,55.0,0.0,0.0,2017-12-21
12/21/2018,15763.0,15798.0,1336.0,363.0,0.0,416.0,0.0,820.0,2018-12-21
12/22/2017,13324.0,12973.0,411.0,253.0,0.0,119.0,0.0,32.0,2017-12-22
12/22/2018,11877.0,11288.0,70.0,28.0,0.0,51.0,0.0,20.0,2018-12-22
12/23/2017,10707.0,10956.0,-18.0,26.0,0.0,236.0,0.0,14.0,2017-12-23
12/23/2018,14845.0,13908.0,42.0,15.0,0.0,4.0,0.0,0.0,2018-12-23
12/24/2017,11336.0,11074.0,247.0,83.0,41.0,56.0,0.0,76.0,2017-12-24
12/24/2018,10584.0,10098.0,-19.0,17.0,0.0,16.0,0.0,0.0,2018-12-24
12/25/2017,9721.0,9909.0,167.0,226.0,0.0,218.0,0.0,0.0,2017-12-25
12/25/2018,9018.0,8684.0,-49.0,1.0,0.0,18.0,0.0,0.0,2018-12-25
12/26/2017,13592.0,13597.0,376.0,278.0,0.0,394.0,0.0,162.0,2017-12-26
12/26/2018,14129.0,13434.0,835.0,299.0,0.0,254.0,0.0,290.0,2018-12-26
12/27/2017,13592.0,13632.0,159.0,73.0,0.0,173.0,0.0,124.0,2017-12-27
12/27/2018,14129.0,12893.0,562.0,125.0,0.0,108.0,0.0,170.0,2018-12-27
12/28/2017,13592.0,13457.0,546.0,374.0,0.0,238.0,0.0,195.0,2017-12-28
12/28/2018,14129.0,13860.0,824.0,177.0,0.0,488.0,0.0,523.0,2018-12-28
12/29/2017,13592.0,13205.0,415.0,211.0,0.0,95.0,26.0,119.0,2017-12-29
12/29/2018,11877.0,11882.0,-15.0,10.0,0.0,198.0,0.0,54.0,2018-12-29
12/30/2017,10707.0,11117.0,1036.0,512.0,242.0,559.0,0.0,218.0,2017-12-30
12/30/2018,15356.0,14878.0,447.0,225.0,0.0,111.0,0.0,231.0,2018-12-30
12/31/2017,10221.0,10023.0,249.0,107.0,0.0,50.0,0.0,173.0,2017-12-31
12/31/2018,10463.0,10011.0,180.0,207.0,0.0,68.0,0.0,8.0,2018-12-31
